# Blender 5.1.1
# www.blender.org
mtllib TutorialChamberPortals.mtl
o entity0_brush0
v 224.000000 -512.000244 -3072.000000
v 224.000000 -512.000061 -1023.999939
v 224.000000 447.999908 -1024.000000
v 224.000000 447.999756 -3072.000000
v 256.000000 447.999908 -1024.000000
v 256.000000 -512.000061 -1023.999939
v 256.000000 -512.000244 -3072.000000
v 256.000000 447.999756 -3072.000000
vn -1.0000 -0.0000 -0.0000
vn -0.0000 -0.0000 1.0000
vn -0.0000 -1.0000 -0.0000
vn -0.0000 1.0000 -0.0000
vn -0.0000 -0.0000 -1.0000
vn 1.0000 -0.0000 -0.0000
vt 6.000000 -0.000000
vt 2.000000 -0.000000
vt 2.000000 0.585938
vt 6.000000 0.585938
vt 0.531250 0.585938
vt 0.500000 0.585938
vt 0.500000 -0.000000
vt 0.531250 -0.000000
vt 0.531250 2.000000
vt 0.500000 2.000000
vt 0.500000 6.000000
vt 0.531250 6.000000
s 1
usemtl Tiles107_1K-JPG_Color_Gray
f 1/1/1 2/2/1 3/3/1 4/4/1
f 5/5/2 3/6/2 2/7/2 6/8/2
f 6/9/3 2/10/3 1/11/3 7/12/3
f 8/12/4 4/11/4 3/10/4 5/9/4
f 7/8/5 1/7/5 4/6/5 8/5/5
f 8/4/6 5/3/6 6/2/6 7/1/6
o entity0_brush1
v -256.000000 -512.000244 -3200.000000
v -256.000000 -512.000061 -1023.999939
v -256.000000 447.999908 -1024.000000
v -256.000000 447.999756 -3200.000000
v -224.000000 447.999908 -1024.000000
v -224.000000 -512.000061 -1023.999939
v -224.000000 -512.000244 -3200.000000
v -224.000000 447.999756 -3200.000000
vn -1.0000 -0.0000 -0.0000
vn -0.0000 -0.0000 1.0000
vn -0.0000 -1.0000 -0.0000
vn -0.0000 1.0000 -0.0000
vn -0.0000 -0.0000 -1.0000
vn 1.0000 -0.0000 -0.0000
vt 5.675676 -0.000000
vt 2.000000 -0.000000
vt 2.000000 0.585938
vt 5.675676 0.585938
vt 0.531250 0.585938
vt 0.500000 0.585938
vt 0.500000 -0.000000
vt 0.531250 -0.000000
vt 0.531250 2.000000
vt 0.500000 2.000000
vt 0.500000 5.675676
vt 0.531250 5.675676
s 1
usemtl Tiles107_1K-JPG_Color_Gray
f 9/13/7 10/14/7 11/15/7 12/16/7
f 13/17/8 11/18/8 10/19/8 14/20/8
f 14/21/9 10/22/9 9/23/9 15/24/9
f 16/24/10 12/23/10 11/22/10 13/21/10
f 15/20/11 9/19/11 12/18/11 16/17/11
f 16/16/12 13/15/12 14/14/12 15/13/12
o black
v -224.000000 -192.000229 -3072.000000
v -224.000000 -320.000244 -3072.000000
v -224.000000 -320.000092 -1024.000000
v -224.000000 -192.000076 -1024.000000
v -160.000000 -320.000092 -1024.000000
v -160.000000 -320.000244 -3072.000000
vn -1.0000 -0.0000 -0.0000
vn -0.0000 -0.0000 1.0000
vn -0.0000 -1.0000 -0.0000
vn -0.0000 -0.0000 -1.0000
vn 0.8944 0.4472 -0.0000
vt 3.000000 -0.156250
vt 3.000000 -0.281250
vt 1.000000 -0.281250
vt 1.000000 -0.156250
vt -0.343750 -0.156250
vt -0.343750 -0.281250
vt -0.281250 -0.281250
vt -0.281250 1.000000
vt -0.343750 1.000000
vt -0.343750 3.000000
vt -0.281250 3.000000
vt 2.343750 0.250000
vt 0.343750 0.250000
vt 0.343750 0.125000
vt 2.343750 0.125000
s 1
usemtl Tiles108_1K-JPG_Color
f 17/25/13 18/26/13 19/27/13 20/28/13
f 20/29/14 19/30/14 21/31/14
f 21/32/15 19/33/15 18/34/15 22/35/15
f 22/31/16 18/30/16 17/29/16
f 17/36/17 20/37/17 21/38/17 22/39/17
o entity0_brush11
v 960.000000 -800.000244 -3427.047607
v 960.000000 -800.000244 -3392.000000
v 960.000000 671.999756 -3392.000000
v 960.000000 671.999756 -3427.047607
v 1280.000000 671.999756 -3392.000000
v 1280.000000 -800.000244 -3392.000000
v 1280.000000 -800.000244 -3427.047607
v 1280.000000 671.999756 -3427.047607
vn -1.0000 -0.0000 -0.0000
vn -0.0000 -0.0000 1.0000
vn -0.0000 -1.0000 -0.0000
vn -0.0000 1.0000 -0.0000
vn -0.0000 -0.0000 -1.0000
vn 1.0000 -0.0000 -0.0000
vt 3.346726 -0.781250
vt 3.312500 -0.781250
vt 3.312500 0.656250
vt 3.346726 0.656250
vt 1.250000 0.656250
vt 0.937500 0.656250
vt 0.937500 -0.781250
vt 1.250000 -0.781250
vt 0.250000 2.968750
vt 0.093750 2.968750
vt 0.093750 3.002976
vt 0.250000 3.002976
vt 3.002976 0.059896
vt 2.968750 0.059896
vt 2.968750 0.000000
vt 3.002976 0.000000
s 1
usemtl Tiles107_1K-JPG_Color_Gray
f 23/40/18 24/41/18 25/42/18 26/43/18
f 27/44/19 25/45/19 24/46/19 28/47/19
f 28/48/20 24/49/20 23/50/20 29/51/20
f 30/51/21 26/50/21 25/49/21 27/48/21
f 29/47/22 23/46/22 26/45/22 30/44/22
f 30/52/23 27/53/23 28/54/23 29/55/23
o entity0_brush12
v 256.000000 -800.000244 -3427.047607
v 256.000000 -800.000244 -3392.000000
v 256.000000 671.999756 -3392.000000
v 256.000000 671.999756 -3427.047607
v 576.000000 671.999756 -3392.000000
v 576.000000 -800.000244 -3392.000000
v 576.000000 -800.000244 -3427.047607
v 576.000000 671.999756 -3427.047607
vn -1.0000 -0.0000 -0.0000
vn -0.0000 -0.0000 1.0000
vn -0.0000 -1.0000 -0.0000
vn -0.0000 1.0000 -0.0000
vn -0.0000 -0.0000 -1.0000
vn 1.0000 -0.0000 -0.0000
vt 3.002976 0.000000
vt 2.968750 0.000000
vt 2.968750 0.059896
vt 3.002976 0.059896
vt 0.562500 0.656250
vt 0.250000 0.656250
vt 0.250000 -0.781250
vt 0.562500 -0.781250
vt -0.093750 2.968750
vt -0.250000 2.968750
vt -0.250000 3.002976
vt -0.093750 3.002976
vt 3.346726 0.656250
vt 3.312500 0.656250
vt 3.312500 -0.781250
vt 3.346726 -0.781250
s 1
usemtl Tiles107_1K-JPG_Color_Gray
f 31/56/24 32/57/24 33/58/24 34/59/24
f 35/60/25 33/61/25 32/62/25 36/63/25
f 36/64/26 32/65/26 31/66/26 37/67/26
f 38/67/27 34/66/27 33/65/27 35/64/27
f 37/63/28 31/62/28 34/61/28 38/60/28
f 38/68/29 35/69/29 36/70/29 37/71/29
o entity0_brush13
v 576.000000 -256.000244 -3427.047607
v 576.000000 -256.000244 -3392.000000
v 576.000000 671.999756 -3392.000000
v 576.000000 671.999756 -3427.047607
v 960.000000 671.999756 -3392.000000
v 960.000000 -256.000244 -3392.000000
v 960.000000 -256.000244 -3427.047607
v 960.000000 671.999756 -3427.047607
vn -1.0000 -0.0000 -0.0000
vn -0.0000 -0.0000 1.0000
vn -0.0000 -1.0000 -0.0000
vn -0.0000 1.0000 -0.0000
vn -0.0000 -0.0000 -1.0000
vn 1.0000 -0.0000 -0.0000
vt 3.346726 -0.250000
vt 3.312500 -0.250000
vt 3.312500 0.656250
vt 3.346726 0.656250
vt 0.937500 0.656250
vt 0.562500 0.656250
vt 0.562500 -0.250000
vt 0.937500 -0.250000
vt 0.937500 3.312500
vt 0.562500 3.312500
vt 0.562500 3.346726
vt 0.937500 3.346726
vt 0.093750 3.002976
vt -0.093750 3.002976
vt -0.093750 2.968750
vt 0.093750 2.968750
s 1
usemtl Tiles107_1K-JPG_Color_Gray
f 39/72/30 40/73/30 41/74/30 42/75/30
f 43/76/31 41/77/31 40/78/31 44/79/31
f 44/80/32 40/81/32 39/82/32 45/83/32
f 46/84/33 42/85/33 41/86/33 43/87/33
f 45/79/34 39/78/34 42/77/34 46/76/34
f 46/75/35 43/74/35 44/73/35 45/72/35
o entity0_brush14
v 576.000000 -800.000244 -3424.000000
v 576.000000 -800.000244 -3392.000000
v 576.000000 -640.000244 -3392.000000
v 576.000000 -640.000244 -3424.000000
v 960.000000 -640.000244 -3392.000000
v 960.000000 -800.000244 -3392.000000
v 960.000000 -800.000244 -3424.000000
v 960.000000 -640.000244 -3424.000000
vn -1.0000 -0.0000 -0.0000
vn -0.0000 -0.0000 1.0000
vn -0.0000 -1.0000 -0.0000
vn -0.0000 1.0000 -0.0000
vn -0.0000 -0.0000 -1.0000
vn 1.0000 -0.0000 -0.0000
vt 3.343750 -0.781250
vt 3.312500 -0.781250
vt 3.312500 -0.625000
vt 3.343750 -0.625000
vt 0.937500 -0.625000
vt 0.562500 -0.625000
vt 0.562500 -0.781250
vt 0.937500 -0.781250
vt 0.093750 2.968750
vt -0.093750 2.968750
vt -0.093750 3.000000
vt 0.093750 3.000000
vt 0.937500 3.343750
vt 0.562500 3.343750
vt 0.562500 3.312500
vt 0.937500 3.312500
s 1
usemtl Tiles107_1K-JPG_Color_Gray
f 47/88/36 48/89/36 49/90/36 50/91/36
f 51/92/37 49/93/37 48/94/37 52/95/37
f 52/96/38 48/97/38 47/98/38 53/99/38
f 54/100/39 50/101/39 49/102/39 51/103/39
f 53/95/40 47/94/40 50/93/40 54/92/40
f 54/91/41 51/90/41 52/89/41 53/88/41
o entity0_brush15
v 256.000000 -800.000366 -4672.000000
v 256.000000 -800.000366 -4640.000000
v 256.000000 543.999634 -4640.000000
v 256.000000 543.999634 -4672.000000
v 1280.000000 543.999634 -4640.000000
v 1280.000000 -800.000366 -4640.000000
v 1280.000000 -800.000366 -4672.000000
v 1280.000000 543.999634 -4672.000000
vn -1.0000 -0.0000 -0.0000
vn -0.0000 -0.0000 1.0000
vn -0.0000 -1.0000 -0.0000
vn -0.0000 1.0000 -0.0000
vn -0.0000 -0.0000 -1.0000
vn 1.0000 -0.0000 -0.0000
vt 4.218750 -0.014915
vt 4.187500 -0.014915
vt 4.187500 0.054688
vt 4.218750 0.054688
vt 1.250000 0.054688
vt 0.250000 0.054688
vt 0.250000 -0.014915
vt 1.250000 -0.014915
vt 1.250000 4.187500
vt 0.250000 4.187500
vt 0.250000 4.218750
vt 1.250000 4.218750
s 1
usemtl Tiles107_1K-JPG_Color_Gray
f 55/104/42 56/105/42 57/106/42 58/107/42
f 59/108/43 57/109/43 56/110/43 60/111/43
f 60/112/44 56/113/44 55/114/44 61/115/44
f 62/115/45 58/114/45 57/113/45 59/112/45
f 61/111/46 55/110/46 58/109/46 62/108/46
f 62/107/47 59/106/47 60/105/47 61/104/47
o entity0_brush16
v 960.000000 -656.000305 -4272.000000
v 960.000000 -656.000244 -3424.000000
v 960.000000 -240.000259 -3424.000000
v 960.000000 -240.000320 -4272.000000
v 976.000000 -240.000259 -3424.000000
v 976.000000 -656.000244 -3424.000000
v 976.000000 -656.000305 -4272.000000
v 976.000000 -240.000320 -4272.000000
vn -1.0000 -0.0000 -0.0000
vn -0.0000 -0.0000 1.0000
vn -0.0000 -1.0000 -0.0000
vn -0.0000 1.0000 -0.0000
vn -0.0000 -0.0000 -1.0000
vn 1.0000 -0.0000 -0.0000
vt 4.171875 -0.640625
vt 3.343750 -0.640625
vt 3.343750 -0.234375
vt 4.171875 -0.234375
vt 0.953125 -0.234375
vt 0.937500 -0.234375
vt 0.937500 -0.640625
vt 0.953125 -0.640625
vt 0.101562 3.000000
vt 0.093750 3.000000
vt 0.093750 3.828125
vt 0.101562 3.828125
vt 0.953125 4.171875
vt 0.937500 4.171875
vt 0.937500 3.343750
vt 0.953125 3.343750
s 1
usemtl Tiles107_1K-JPG_Color_Gray
f 63/116/48 64/117/48 65/118/48 66/119/48
f 67/120/49 65/121/49 64/122/49 68/123/49
f 68/124/50 64/125/50 63/126/50 69/127/50
f 70/128/51 66/129/51 65/130/51 67/131/51
f 69/123/52 63/122/52 66/121/52 70/120/52
f 70/119/53 67/118/53 68/117/53 69/116/53
o entity0_brush17
v 560.000000 -656.000305 -4272.000000
v 560.000000 -656.000244 -3424.000000
v 560.000000 -240.000259 -3424.000000
v 560.000000 -240.000320 -4272.000000
v 576.000000 -240.000259 -3424.000000
v 576.000000 -656.000244 -3424.000000
v 576.000000 -656.000305 -4272.000000
v 576.000000 -240.000320 -4272.000000
vn -1.0000 -0.0000 -0.0000
vn -0.0000 -0.0000 1.0000
vn -0.0000 -1.0000 -0.0000
vn -0.0000 1.0000 -0.0000
vn -0.0000 -0.0000 -1.0000
vn 1.0000 -0.0000 -0.0000
vt 4.171875 -0.640625
vt 3.343750 -0.640625
vt 3.343750 -0.234375
vt 4.171875 -0.234375
vt 0.562500 -0.234375
vt 0.546875 -0.234375
vt 0.546875 -0.640625
vt 0.562500 -0.640625
vt -0.093750 3.000000
vt -0.101562 3.000000
vt -0.101562 3.828125
vt -0.093750 3.828125
vt 0.562500 4.171875
vt 0.546875 4.171875
vt 0.546875 3.343750
vt 0.562500 3.343750
s 1
usemtl Tiles107_1K-JPG_Color_Gray
f 71/132/54 72/133/54 73/134/54 74/135/54
f 75/136/55 73/137/55 72/138/55 76/139/55
f 76/140/56 72/141/56 71/142/56 77/143/56
f 78/144/57 74/145/57 73/146/57 75/147/57
f 77/139/58 71/138/58 74/137/58 78/136/58
f 78/135/59 75/134/59 76/133/59 77/132/59
o entity0_brush18
v 576.000000 -256.000336 -4640.000000
v 576.000000 -256.000244 -3424.000000
v 576.000000 -240.000259 -3424.000000
v 576.000000 -240.000351 -4640.000000
v 960.000000 -240.000259 -3424.000000
v 960.000000 -256.000244 -3424.000000
v 960.000000 -256.000336 -4640.000000
v 960.000000 -240.000351 -4640.000000
vn -1.0000 -0.0000 -0.0000
vn -0.0000 -0.0000 1.0000
vn -0.0000 -1.0000 -0.0000
vn -0.0000 1.0000 -0.0000
vn -0.0000 -0.0000 -1.0000
vn 1.0000 -0.0000 -0.0000
vt 4.531250 -0.250000
vt 3.343750 -0.250000
vt 3.343750 -0.234375
vt 4.531250 -0.234375
vt 0.937500 -0.234375
vt 0.562500 -0.234375
vt 0.562500 -0.250000
vt 0.937500 -0.250000
vt 0.937500 3.343750
vt 0.562500 3.343750
vt 0.562500 4.531250
vt 0.937500 4.531250
s 1
usemtl Tiles107_1K-JPG_Color_Gray
f 79/148/60 80/149/60 81/150/60 82/151/60
f 83/152/61 81/153/61 80/154/61 84/155/61
f 84/156/62 80/157/62 79/158/62 85/159/62
f 86/159/63 82/158/63 81/157/63 83/156/63
f 85/155/64 79/154/64 82/153/64 86/152/64
f 86/151/65 83/150/65 84/149/65 85/148/65
o entity0_brush19
v 576.000000 -656.000366 -4640.000000
v 576.000000 -656.000244 -3465.931152
v 576.000000 -640.000244 -3465.931152
v 576.000000 -640.000366 -4640.000000
v 960.000000 -640.000244 -3465.931152
v 960.000000 -656.000244 -3465.931152
v 960.000000 -656.000366 -4640.000000
v 960.000000 -640.000366 -4640.000000
vn -1.0000 -0.0000 -0.0000
vn -0.0000 -0.0000 1.0000
vn -0.0000 -1.0000 -0.0000
vn -0.0000 1.0000 -0.0000
vn -0.0000 -0.0000 -1.0000
vn 1.0000 -0.0000 -0.0000
vt 4.531250 -0.640625
vt 3.384698 -0.640625
vt 3.384698 -0.625000
vt 4.531250 -0.625000
vt 0.937500 -0.625000
vt 0.562500 -0.625000
vt 0.562500 -0.640625
vt 0.937500 -0.640625
vt 0.093750 3.040948
vt -0.093750 3.040948
vt -0.093750 4.187500
vt 0.093750 4.187500
s 1
usemtl Tiles107_1K-JPG_Color_Gray
f 87/160/66 88/161/66 89/162/66 90/163/66
f 91/164/67 89/165/67 88/166/67 92/167/67
f 92/168/68 88/169/68 87/170/68 93/171/68
f 94/171/69 90/170/69 89/169/69 91/168/69
f 93/167/70 87/166/70 90/165/70 94/164/70
f 94/163/71 91/162/71 92/161/71 93/160/71
o entity0_brush2
v 224.000000 -0.000077 -1024.000000
v 224.000000 0.000077 1024.000000
v 224.000000 544.000061 1023.999939
v 224.000000 543.999939 -1024.000000
v 256.000000 544.000061 1023.999939
v 256.000000 0.000077 1024.000000
v 256.000000 -0.000077 -1024.000000
v 256.000000 543.999939 -1024.000000
vn -1.0000 -0.0000 -0.0000
vn -0.0000 -0.0000 1.0000
vn -0.0000 -1.0000 -0.0000
vn -0.0000 1.0000 -0.0000
vn -0.0000 -0.0000 -1.0000
vn 1.0000 -0.0000 -0.0000
vt 2.000000 -0.000000
vt -2.000000 -0.000000
vt -2.000000 0.664062
vt 2.000000 0.664062
vt 0.531250 0.664062
vt 0.500000 0.664062
vt 0.500000 -0.000000
vt 0.531250 -0.000000
vt 0.531250 -2.000000
vt 0.500000 -2.000000
vt 0.500000 2.000000
vt 0.531250 2.000000
s 1
usemtl Tiles107_1K-JPG_Color_Gray
f 95/172/72 96/173/72 97/174/72 98/175/72
f 99/176/73 97/177/73 96/178/73 100/179/73
f 100/180/74 96/181/74 95/182/74 101/183/74
f 102/183/75 98/182/75 97/181/75 99/180/75
f 101/179/76 95/178/76 98/177/76 102/176/76
f 102/175/77 99/174/77 100/173/77 101/172/77
o entity0_brush20
v 960.000000 -656.000366 -4640.000000
v 960.000000 -656.000244 -3424.000000
v 960.000000 -240.000259 -3424.000000
v 960.000000 -240.000351 -4640.000000
v 976.000000 -240.000259 -3424.000000
v 976.000000 -656.000244 -3424.000000
v 976.000000 -656.000366 -4640.000000
v 976.000000 -240.000351 -4640.000000
vn -1.0000 -0.0000 -0.0000
vn -0.0000 -0.0000 1.0000
vn -0.0000 -1.0000 -0.0000
vn -0.0000 1.0000 -0.0000
vn -0.0000 -0.0000 -1.0000
vn 1.0000 -0.0000 -0.0000
vt 4.531250 -0.640625
vt 3.343750 -0.640625
vt 3.343750 -0.234375
vt 4.531250 -0.234375
vt 0.953125 -0.234375
vt 0.937500 -0.234375
vt 0.937500 -0.640625
vt 0.953125 -0.640625
vt 0.101562 3.000000
vt 0.093750 3.000000
vt 0.093750 4.187500
vt 0.101562 4.187500
vt 0.953125 4.531250
vt 0.937500 4.531250
vt 0.937500 3.343750
vt 0.953125 3.343750
s 1
usemtl Tiles107_1K-JPG_Color_Gray
f 103/184/78 104/185/78 105/186/78 106/187/78
f 107/188/79 105/189/79 104/190/79 108/191/79
f 108/192/80 104/193/80 103/194/80 109/195/80
f 110/196/81 106/197/81 105/198/81 107/199/81
f 109/191/82 103/190/82 106/189/82 110/188/82
f 110/187/83 107/186/83 108/185/83 109/184/83
o entity0_brush21
v 560.000000 -656.000366 -4640.000000
v 560.000000 -656.000244 -3424.000000
v 560.000000 -240.000259 -3424.000000
v 560.000000 -240.000351 -4640.000000
v 576.000000 -240.000259 -3424.000000
v 576.000000 -656.000244 -3424.000000
v 576.000000 -656.000366 -4640.000000
v 576.000000 -240.000351 -4640.000000
vn -1.0000 -0.0000 -0.0000
vn -0.0000 -0.0000 1.0000
vn -0.0000 -1.0000 -0.0000
vn -0.0000 1.0000 -0.0000
vn -0.0000 -0.0000 -1.0000
vn 1.0000 -0.0000 -0.0000
vt 4.531250 -0.640625
vt 3.343750 -0.640625
vt 3.343750 -0.234375
vt 4.531250 -0.234375
vt 0.562500 -0.234375
vt 0.546875 -0.234375
vt 0.546875 -0.640625
vt 0.562500 -0.640625
vt -0.093750 3.000000
vt -0.101562 3.000000
vt -0.101562 4.187500
vt -0.093750 4.187500
vt 0.562500 4.531250
vt 0.546875 4.531250
vt 0.546875 3.343750
vt 0.562500 3.343750
s 1
usemtl Tiles107_1K-JPG_Color_Gray
f 111/200/84 112/201/84 113/202/84 114/203/84
f 115/204/85 113/205/85 112/206/85 116/207/85
f 116/208/86 112/209/86 111/210/86 117/211/86
f 118/212/87 114/213/87 113/214/87 115/215/87
f 117/207/88 111/206/88 114/205/88 118/204/88
f 118/203/89 115/202/89 116/201/89 117/200/89
o entity0_brush22
v -1392.000000 -512.000244 -3392.000000
v -1392.000000 -511.999908 1024.000000
v -1392.000000 544.000061 1023.999939
v -1392.000000 543.999756 -3392.000000
v -1316.324341 544.000061 1023.999939
v -1316.324341 -511.999908 1024.000000
v -1316.324341 -512.000244 -3392.000000
v -1316.324341 543.999756 -3392.000000
vn -1.0000 -0.0000 -0.0000
vn -0.0000 -0.0000 1.0000
vn -0.0000 -1.0000 -0.0000
vn -0.0000 1.0000 -0.0000
vn -0.0000 -0.0000 -1.0000
vn 1.0000 -0.0000 -0.0000
vt 6.000000 -0.000000
vt -1.459459 -0.000000
vt -1.459459 0.644531
vt 6.000000 0.644531
vt -0.535473 0.644531
vt -0.609375 0.644531
vt -0.609375 -0.000000
vt -0.535473 -0.000000
vt -0.535473 -1.459459
vt -0.609375 -1.459459
vt -0.609375 6.000000
vt -0.535473 6.000000
s 1
usemtl Tiles107_1K-JPG_Color_Gray
f 119/216/90 120/217/90 121/218/90 122/219/90
f 123/220/91 121/221/91 120/222/91 124/223/91
f 124/224/92 120/225/92 119/226/92 125/227/92
f 126/227/93 122/226/93 121/225/93 123/224/93
f 125/223/94 119/222/94 122/221/94 126/220/94
f 126/219/95 123/218/95 124/217/95 125/216/95
o entity0_brush23
v -256.000000 543.999756 -3392.000000
v -256.000000 544.000061 1023.999939
v -256.000000 672.000061 1023.999939
v -256.000000 671.999756 -3392.000000
v -224.000000 672.000061 1023.999939
v -224.000000 544.000061 1023.999939
v -224.000000 543.999756 -3392.000000
v -224.000000 671.999756 -3392.000000
vn -1.0000 -0.0000 -0.0000
vn -0.0000 -0.0000 1.0000
vn -0.0000 -1.0000 -0.0000
vn -0.0000 1.0000 -0.0000
vn -0.0000 -0.0000 -1.0000
vn 1.0000 -0.0000 -0.0000
vt 106.000000 17.000000
vt -32.000000 17.000000
vt -32.000000 21.000000
vt 106.000000 21.000000
vt -7.000000 21.000000
vt -8.000000 21.000000
vt -8.000000 17.000000
vt -7.000000 17.000000
vt -7.000000 -32.000000
vt -8.000000 -32.000000
vt -8.000000 106.000000
vt -7.000000 106.000000
s 1
usemtl __TB_empty
f 127/228/96 128/229/96 129/230/96 130/231/96
f 131/232/97 129/233/97 128/234/97 132/235/97
f 132/236/98 128/237/98 127/238/98 133/239/98
f 134/239/99 130/238/99 129/237/99 131/236/99
f 133/235/100 127/234/100 130/233/100 134/232/100
f 134/231/101 131/230/101 132/229/101 133/228/101
o entity0_brush24
v 224.000000 543.999756 -3392.000000
v 224.000000 544.000061 1023.999939
v 224.000000 672.000061 1023.999939
v 224.000000 671.999756 -3392.000000
v 256.000000 672.000061 1023.999939
v 256.000000 544.000061 1023.999939
v 256.000000 543.999756 -3392.000000
v 256.000000 671.999756 -3392.000000
vn -1.0000 -0.0000 -0.0000
vn -0.0000 -0.0000 1.0000
vn -0.0000 -1.0000 -0.0000
vn -0.0000 1.0000 -0.0000
vn -0.0000 -0.0000 -1.0000
vn 1.0000 -0.0000 -0.0000
vt 106.000000 17.000000
vt -32.000000 17.000000
vt -32.000000 21.000000
vt 106.000000 21.000000
vt 8.000000 21.000000
vt 7.000000 21.000000
vt 7.000000 17.000000
vt 8.000000 17.000000
vt 8.000000 -32.000000
vt 7.000000 -32.000000
vt 7.000000 106.000000
vt 8.000000 106.000000
s 1
usemtl __TB_empty
f 135/240/102 136/241/102 137/242/102 138/243/102
f 139/244/103 137/245/103 136/246/103 140/247/103
f 140/248/104 136/249/104 135/250/104 141/251/104
f 142/251/105 138/250/105 137/249/105 139/248/105
f 141/247/106 135/246/106 138/245/106 142/244/106
f 142/243/107 139/242/107 140/241/107 141/240/107
o entity0_brush25
v -96.000000 -0.000099 -1312.000000
v -96.000000 -0.000098 -1296.000000
v -96.000000 15.999902 -1296.000000
v -96.000000 15.999901 -1312.000000
v 96.000000 15.999902 -1296.000000
v 96.000000 -0.000098 -1296.000000
v 96.000000 -0.000099 -1312.000000
v 96.000000 15.999901 -1312.000000
vn -1.0000 -0.0000 -0.0000
vn -0.0000 -0.0000 1.0000
vn -0.0000 -1.0000 -0.0000
vn -0.0000 1.0000 -0.0000
vn -0.0000 -0.0000 -1.0000
vn 1.0000 -0.0000 -0.0000
vt 41.000000 -0.000000
vt 40.500000 -0.000000
vt 40.500000 0.500000
vt 41.000000 0.500000
vt 3.000000 0.500000
vt -3.000000 0.500000
vt -3.000000 -0.000000
vt 3.000000 -0.000000
vt 3.000000 40.500000
vt -3.000000 40.500000
vt -3.000000 41.000000
vt 3.000000 41.000000
s 1
usemtl __TB_empty
f 143/252/108 144/253/108 145/254/108 146/255/108
f 147/256/109 145/257/109 144/258/109 148/259/109
f 148/260/110 144/261/110 143/262/110 149/263/110
f 150/263/111 146/262/111 145/261/111 147/260/111
f 149/259/112 143/258/112 146/257/112 150/256/112
f 150/255/113 147/254/113 148/253/113 149/252/113
o entity0_brush26
v -96.000000 -0.000086 -1136.000000
v -96.000000 -0.000085 -1120.000000
v -96.000000 15.999915 -1120.000000
v -96.000000 15.999914 -1136.000000
v 96.000000 15.999915 -1120.000000
v 96.000000 -0.000085 -1120.000000
v 96.000000 -0.000086 -1136.000000
v 96.000000 15.999914 -1136.000000
vn -1.0000 -0.0000 -0.0000
vn -0.0000 -0.0000 1.0000
vn -0.0000 -1.0000 -0.0000
vn -0.0000 1.0000 -0.0000
vn -0.0000 -0.0000 -1.0000
vn 1.0000 -0.0000 -0.0000
vt 35.500000 -0.000000
vt 35.000000 -0.000000
vt 35.000000 0.500000
vt 35.500000 0.500000
vt 3.000000 0.500000
vt -3.000000 0.500000
vt -3.000000 -0.000000
vt 3.000000 -0.000000
vt 3.000000 35.000000
vt -3.000000 35.000000
vt -3.000000 35.500000
vt 3.000000 35.500000
s 1
usemtl __TB_empty
f 151/264/114 152/265/114 153/266/114 154/267/114
f 155/268/115 153/269/115 152/270/115 156/271/115
f 156/272/116 152/273/116 151/274/116 157/275/116
f 158/275/117 154/274/117 153/273/117 155/272/117
f 157/271/118 151/270/118 154/269/118 158/268/118
f 158/267/119 155/266/119 156/265/119 157/264/119
o entity0_brush27
v -96.000000 -0.000098 -1296.000000
v -96.000000 -0.000086 -1136.000000
v -96.000000 15.999914 -1136.000000
v -96.000000 15.999902 -1296.000000
v -80.000000 15.999914 -1136.000000
v -80.000000 -0.000086 -1136.000000
v -80.000000 -0.000098 -1296.000000
v -80.000000 15.999902 -1296.000000
vn -1.0000 -0.0000 -0.0000
vn -0.0000 -0.0000 1.0000
vn -0.0000 -1.0000 -0.0000
vn -0.0000 1.0000 -0.0000
vn -0.0000 -0.0000 -1.0000
vn 1.0000 -0.0000 -0.0000
vt 40.500000 -0.000000
vt 35.500000 -0.000000
vt 35.500000 0.500000
vt 40.500000 0.500000
vt -2.500000 0.500000
vt -3.000000 0.500000
vt -3.000000 -0.000000
vt -2.500000 -0.000000
vt -2.500000 35.500000
vt -3.000000 35.500000
vt -3.000000 40.500000
vt -2.500000 40.500000
s 1
usemtl __TB_empty
f 159/276/120 160/277/120 161/278/120 162/279/120
f 163/280/121 161/281/121 160/282/121 164/283/121
f 164/284/122 160/285/122 159/286/122 165/287/122
f 166/287/123 162/286/123 161/285/123 163/284/123
f 165/283/124 159/282/124 162/281/124 166/280/124
f 166/279/125 163/278/125 164/277/125 165/276/125
o entity0_brush28
v 80.000000 -0.000098 -1296.000000
v 80.000000 -0.000086 -1136.000000
v 80.000000 15.999914 -1136.000000
v 80.000000 15.999902 -1296.000000
v 96.000000 15.999914 -1136.000000
v 96.000000 -0.000086 -1136.000000
v 96.000000 -0.000098 -1296.000000
v 96.000000 15.999902 -1296.000000
vn -1.0000 -0.0000 -0.0000
vn -0.0000 -0.0000 1.0000
vn -0.0000 -1.0000 -0.0000
vn -0.0000 1.0000 -0.0000
vn -0.0000 -0.0000 -1.0000
vn 1.0000 -0.0000 -0.0000
vt 40.500000 -0.000000
vt 35.500000 -0.000000
vt 35.500000 0.500000
vt 40.500000 0.500000
vt 3.000000 0.500000
vt 2.500000 0.500000
vt 2.500000 -0.000000
vt 3.000000 -0.000000
vt 3.000000 35.500000
vt 2.500000 35.500000
vt 2.500000 40.500000
vt 3.000000 40.500000
s 1
usemtl __TB_empty
f 167/288/126 168/289/126 169/290/126 170/291/126
f 171/292/127 169/293/127 168/294/127 172/295/127
f 172/296/128 168/297/128 167/298/128 173/299/128
f 174/299/129 170/298/129 169/297/129 171/296/129
f 173/295/130 167/294/130 170/293/130 174/292/130
f 174/291/131 171/290/131 172/289/131 173/288/131
o entity0_brush29
v -96.000000 -0.000117 -1552.000000
v -96.000000 -0.000105 -1392.000000
v -96.000000 15.999895 -1392.000000
v -96.000000 15.999883 -1552.000000
v -80.000000 15.999895 -1392.000000
v -80.000000 -0.000105 -1392.000000
v -80.000000 -0.000117 -1552.000000
v -80.000000 15.999883 -1552.000000
vn -1.0000 -0.0000 -0.0000
vn -0.0000 -0.0000 1.0000
vn -0.0000 -1.0000 -0.0000
vn -0.0000 1.0000 -0.0000
vn -0.0000 -0.0000 -1.0000
vn 1.0000 -0.0000 -0.0000
vt 48.500000 -0.000000
vt 43.500000 -0.000000
vt 43.500000 0.500000
vt 48.500000 0.500000
vt -2.500000 0.500000
vt -3.000000 0.500000
vt -3.000000 -0.000000
vt -2.500000 -0.000000
vt -2.500000 43.500000
vt -3.000000 43.500000
vt -3.000000 48.500000
vt -2.500000 48.500000
s 1
usemtl __TB_empty
f 175/300/132 176/301/132 177/302/132 178/303/132
f 179/304/133 177/305/133 176/306/133 180/307/133
f 180/308/134 176/309/134 175/310/134 181/311/134
f 182/311/135 178/310/135 177/309/135 179/308/135
f 181/307/136 175/306/136 178/305/136 182/304/136
f 182/303/137 179/302/137 180/301/137 181/300/137
o entity0_brush3
v -256.000000 -31.999922 1024.000000
v -256.000000 -31.999920 1064.888916
v -256.000000 704.000061 1064.888916
v -256.000000 704.000061 1023.999939
v 256.000000 704.000061 1064.888916
v 256.000000 -31.999920 1064.888916
v 256.000000 -31.999922 1024.000000
v 256.000000 704.000061 1023.999939
vn -1.0000 -0.0000 -0.0000
vn -0.0000 -0.0000 1.0000
vn -0.0000 -1.0000 -0.0000
vn -0.0000 1.0000 -0.0000
vn -0.0000 -0.0000 -1.0000
vn 1.0000 -0.0000 -0.0000
vt -1.000000 0.000000
vt -1.039931 0.000000
vt -1.039931 0.069878
vt -1.000000 0.069878
vt 0.250000 0.069878
vt -0.250000 0.069878
vt -0.250000 0.000000
vt 0.250000 0.000000
vt 0.250000 -1.039931
vt -0.250000 -1.039931
vt -0.250000 -1.000000
vt 0.250000 -1.000000
s 1
usemtl Tiles107_1K-JPG_Color_Gray
f 183/312/138 184/313/138 185/314/138 186/315/138
f 187/316/139 185/317/139 184/318/139 188/319/139
f 188/320/140 184/321/140 183/322/140 189/323/140
f 190/323/141 186/322/141 185/321/141 187/320/141
f 189/319/142 183/318/142 186/317/142 190/316/142
f 190/315/143 187/314/143 188/313/143 189/312/143
o entity0_brush30
v -96.000000 -0.000118 -1568.000000
v -96.000000 -0.000117 -1552.000000
v -96.000000 15.999883 -1552.000000
v -96.000000 15.999882 -1568.000000
v 96.000000 15.999883 -1552.000000
v 96.000000 -0.000117 -1552.000000
v 96.000000 -0.000118 -1568.000000
v 96.000000 15.999882 -1568.000000
vn -1.0000 -0.0000 -0.0000
vn -0.0000 -0.0000 1.0000
vn -0.0000 -1.0000 -0.0000
vn -0.0000 1.0000 -0.0000
vn -0.0000 -0.0000 -1.0000
vn 1.0000 -0.0000 -0.0000
vt 49.000000 -0.000000
vt 48.500000 -0.000000
vt 48.500000 0.500000
vt 49.000000 0.500000
vt 3.000000 0.500000
vt -3.000000 0.500000
vt -3.000000 -0.000000
vt 3.000000 -0.000000
vt 3.000000 48.500000
vt -3.000000 48.500000
vt -3.000000 49.000000
vt 3.000000 49.000000
s 1
usemtl __TB_empty
f 191/324/144 192/325/144 193/326/144 194/327/144
f 195/328/145 193/329/145 192/330/145 196/331/145
f 196/332/146 192/333/146 191/334/146 197/335/146
f 198/335/147 194/334/147 193/333/147 195/332/147
f 197/331/148 191/330/148 194/329/148 198/328/148
f 198/327/149 195/326/149 196/325/149 197/324/149
o entity0_brush31
v 80.000000 -0.000117 -1552.000000
v 80.000000 -0.000105 -1392.000000
v 80.000000 15.999895 -1392.000000
v 80.000000 15.999883 -1552.000000
v 96.000000 15.999895 -1392.000000
v 96.000000 -0.000105 -1392.000000
v 96.000000 -0.000117 -1552.000000
v 96.000000 15.999883 -1552.000000
vn -1.0000 -0.0000 -0.0000
vn -0.0000 -0.0000 1.0000
vn -0.0000 -1.0000 -0.0000
vn -0.0000 1.0000 -0.0000
vn -0.0000 -0.0000 -1.0000
vn 1.0000 -0.0000 -0.0000
vt 48.500000 -0.000000
vt 43.500000 -0.000000
vt 43.500000 0.500000
vt 48.500000 0.500000
vt 3.000000 0.500000
vt 2.500000 0.500000
vt 2.500000 -0.000000
vt 3.000000 -0.000000
vt 3.000000 43.500000
vt 2.500000 43.500000
vt 2.500000 48.500000
vt 3.000000 48.500000
s 1
usemtl __TB_empty
f 199/336/150 200/337/150 201/338/150 202/339/150
f 203/340/151 201/341/151 200/342/151 204/343/151
f 204/344/152 200/345/152 199/346/152 205/347/152
f 206/347/153 202/346/153 201/345/153 203/344/153
f 205/343/154 199/342/154 202/341/154 206/340/154
f 206/339/155 203/338/155 204/337/155 205/336/155
o entity0_brush32
v -96.000000 -0.000105 -1392.000000
v -96.000000 -0.000104 -1376.000000
v -96.000000 15.999896 -1376.000000
v -96.000000 15.999895 -1392.000000
v 96.000000 15.999896 -1376.000000
v 96.000000 -0.000104 -1376.000000
v 96.000000 -0.000105 -1392.000000
v 96.000000 15.999895 -1392.000000
vn -1.0000 -0.0000 -0.0000
vn -0.0000 -0.0000 1.0000
vn -0.0000 -1.0000 -0.0000
vn -0.0000 1.0000 -0.0000
vn -0.0000 -0.0000 -1.0000
vn 1.0000 -0.0000 -0.0000
vt 43.500000 -0.000000
vt 43.000000 -0.000000
vt 43.000000 0.500000
vt 43.500000 0.500000
vt 3.000000 0.500000
vt -3.000000 0.500000
vt -3.000000 -0.000000
vt 3.000000 -0.000000
vt 3.000000 43.000000
vt -3.000000 43.000000
vt -3.000000 43.500000
vt 3.000000 43.500000
s 1
usemtl __TB_empty
f 207/348/156 208/349/156 209/350/156 210/351/156
f 211/352/157 209/353/157 208/354/157 212/355/157
f 212/356/158 208/357/158 207/358/158 213/359/158
f 214/359/159 210/358/159 209/357/159 211/356/159
f 213/355/160 207/354/160 210/353/160 214/352/160
f 214/351/161 211/350/161 212/349/161 213/348/161
o entity0_black33
v -1312.000000 63.999744 -3392.000000
v -1312.000000 -64.000259 -3392.000000
v -1312.000000 -63.999924 1024.000000
v -1312.000000 64.000076 1024.000000
v -1248.000000 -63.999924 1024.000000
v -1248.000000 -64.000259 -3392.000000
vn -1.0000 -0.0000 -0.0000
vn -0.0000 -0.0000 1.0000
vn -0.0000 -1.0000 -0.0000
vn -0.0000 -0.0000 -1.0000
vn 0.8944 0.4472 -0.0000
vt 3.312500 0.093750
vt 3.312500 -0.031250
vt -1.000000 -0.031250
vt -1.000000 0.093750
vt -1.406250 0.093750
vt -1.406250 -0.031250
vt -1.343750 -0.031250
vt -1.343750 -1.000000
vt -1.406250 -1.000000
vt -1.406250 3.312500
vt -1.343750 3.312500
vt 2.656250 0.500000
vt -1.656250 0.500000
vt -1.656250 0.375000
vt 2.656250 0.375000
s 1
usemtl Tiles108_1K-JPG_Color
f 215/360/162 216/361/162 217/362/162 218/363/162
f 218/364/163 217/365/163 219/366/163
f 219/367/164 217/368/164 216/369/164 220/370/164
f 220/366/165 216/365/165 215/364/165
f 215/371/166 218/372/166 219/373/166 220/374/166
o entity0_brush34
v -256.000000 671.999756 -3392.000000
v -256.000000 672.000061 1023.999939
v -256.000000 704.000061 1023.999939
v -256.000000 703.999756 -3392.000000
v 256.000000 704.000061 1023.999939
v 256.000000 672.000061 1023.999939
v 256.000000 671.999756 -3392.000000
v 256.000000 703.999756 -3392.000000
vn -1.0000 -0.0000 -0.0000
vn -0.0000 -0.0000 1.0000
vn -0.0000 -1.0000 -0.0000
vn -0.0000 1.0000 -0.0000
vn -0.0000 -0.0000 -1.0000
vn 1.0000 -0.0000 -0.0000
vt 0.062500 0.140625
vt -0.062500 0.140625
vt -0.062500 0.171875
vt 0.062500 0.171875
vt 0.062500 -0.062500
vt -0.062500 -0.062500
vt -0.062500 0.062500
vt 0.062500 0.062500
s 1
usemtl Tiles107_1K-JPG_Color_Gray
f 221/375/167 222/376/167 223/377/167 224/378/167
f 225/378/168 223/377/168 222/376/168 226/375/168
f 226/379/169 222/380/169 221/381/169 227/382/169
f 228/382/170 224/381/170 223/380/170 225/379/170
f 227/375/171 221/376/171 224/377/171 228/378/171
f 228/378/172 225/377/172 226/376/172 227/375/172
o entity0_brush35
v -368.000000 -160.000244 -3200.000000
v -368.000000 -160.000076 -1024.000000
v -368.000000 -64.000076 -1024.000000
v -368.000000 -64.000244 -3200.000000
v -304.000000 -64.000076 -1024.000000
v -304.000000 -160.000076 -1024.000000
v -304.000000 -160.000244 -3200.000000
v -304.000000 -64.000244 -3200.000000
vn -1.0000 -0.0000 -0.0000
vn -0.0000 -0.0000 1.0000
vn -0.0000 -1.0000 -0.0000
vn -0.0000 1.0000 -0.0000
vn -0.0000 -0.0000 -1.0000
vn 1.0000 -0.0000 -0.0000
vt 3.125000 -0.156250
vt 1.000000 -0.156250
vt 1.000000 -0.062500
vt 3.125000 -0.062500
vt -0.296875 -0.062500
vt -0.359375 -0.062500
vt -0.359375 -0.156250
vt -0.296875 -0.156250
vt -0.296875 1.000000
vt -0.359375 1.000000
vt -0.359375 3.125000
vt -0.296875 3.125000
s 1
usemtl Tiles108_1K-JPG_Color
f 229/383/173 230/384/173 231/385/173 232/386/173
f 233/387/174 231/388/174 230/389/174 234/390/174
f 234/391/175 230/392/175 229/393/175 235/394/175
f 236/394/176 232/393/176 231/392/176 233/391/176
f 235/390/177 229/389/177 232/388/177 236/387/177
f 236/386/178 233/385/178 234/384/178 235/383/178
o entity0_brush36
v -1312.000000 -160.000244 -3200.000000
v -1312.000000 -160.000076 -1024.000000
v -1312.000000 -64.000076 -1024.000000
v -1312.000000 -64.000244 -3200.000000
v -1248.000000 -64.000076 -1024.000000
v -1248.000000 -160.000076 -1024.000000
v -1248.000000 -160.000244 -3200.000000
v -1248.000000 -64.000244 -3200.000000
vn -1.0000 -0.0000 -0.0000
vn -0.0000 -0.0000 1.0000
vn -0.0000 -1.0000 -0.0000
vn -0.0000 1.0000 -0.0000
vn -0.0000 -0.0000 -1.0000
vn 1.0000 -0.0000 -0.0000
vt 3.125000 -0.156250
vt 1.000000 -0.156250
vt 1.000000 -0.062500
vt 3.125000 -0.062500
vt -1.218750 -0.062500
vt -1.281250 -0.062500
vt -1.281250 -0.156250
vt -1.218750 -0.156250
vt -1.218750 1.000000
vt -1.281250 1.000000
vt -1.281250 3.125000
vt -1.218750 3.125000
s 1
usemtl Tiles108_1K-JPG_Color
f 237/395/179 238/396/179 239/397/179 240/398/179
f 241/399/180 239/400/180 238/401/180 242/402/180
f 242/403/181 238/404/181 237/405/181 243/406/181
f 244/406/182 240/405/182 239/404/182 241/403/182
f 243/402/183 237/401/183 240/400/183 244/399/183
f 244/398/184 241/397/184 242/396/184 243/395/184
o entity0_brush37
v -256.000000 -512.000244 -3392.000000
v -256.000000 -512.000244 -3200.000000
v -256.000000 -96.000244 -3200.000000
v -256.000000 -96.000259 -3392.000000
v -224.000000 -96.000244 -3200.000000
v -224.000000 -512.000244 -3200.000000
v -224.000000 -512.000244 -3392.000000
v -224.000000 -96.000259 -3392.000000
vn -1.0000 -0.0000 -0.0000
vn -0.0000 -0.0000 1.0000
vn -0.0000 -1.0000 -0.0000
vn -0.0000 1.0000 -0.0000
vn -0.0000 -0.0000 -1.0000
vn 1.0000 -0.0000 -0.0000
vt 6.000000 -0.000000
vt 5.675676 -0.000000
vt 5.675676 0.253906
vt 6.000000 0.253906
vt 0.531250 0.253906
vt 0.500000 0.253906
vt 0.500000 -0.000000
vt 0.531250 -0.000000
vt 0.531250 5.675676
vt 0.500000 5.675676
vt 0.500000 6.000000
vt 0.531250 6.000000
s 1
usemtl Tiles107_1K-JPG_Color_Gray
f 245/407/185 246/408/185 247/409/185 248/410/185
f 249/411/186 247/412/186 246/413/186 250/414/186
f 250/415/187 246/416/187 245/417/187 251/418/187
f 252/418/188 248/417/188 247/416/188 249/415/188
f 251/414/189 245/413/189 248/412/189 252/411/189
f 252/410/190 249/409/190 250/408/190 251/407/190
o entity0_brush38
v -1344.000000 -63.999924 1024.000000
v -1344.000000 -63.999920 1072.000000
v -1344.000000 704.000061 1072.000000
v -1344.000000 704.000061 1023.999939
v -256.000000 704.000061 1072.000000
v -256.000000 -63.999920 1072.000000
v -256.000000 -63.999924 1024.000000
v -256.000000 704.000061 1023.999939
vn -1.0000 -0.0000 -0.0000
vn -0.0000 -0.0000 1.0000
vn -0.0000 -1.0000 -0.0000
vn -0.0000 1.0000 -0.0000
vn -0.0000 -0.0000 -1.0000
vn 1.0000 -0.0000 -0.0000
vt -1.000000 -0.003038
vt -1.046875 -0.003038
vt -1.046875 0.069878
vt -1.000000 0.069878
vt -0.250000 0.069878
vt -1.312500 0.069878
vt -1.312500 -0.003038
vt -0.250000 -0.003038
vt -0.250000 -1.046875
vt -1.312500 -1.046875
vt -1.312500 -1.000000
vt -0.250000 -1.000000
s 1
usemtl Tiles107_1K-JPG_Color_Gray
f 253/419/191 254/420/191 255/421/191 256/422/191
f 257/423/192 255/424/192 254/425/192 258/426/192
f 258/427/193 254/428/193 253/429/193 259/430/193
f 260/430/194 256/429/194 255/428/194 257/427/194
f 259/426/195 253/425/195 256/424/195 260/423/195
f 260/422/196 257/421/196 258/420/196 259/419/196
o portal_entrance_1
v -1024.000000 656.000000 383.999939
v -1024.000000 656.000061 831.999939
v -576.000000 656.000061 831.999939
v -576.000000 656.000000 383.999939
vn -0.0000 -1.0000 -0.0000
vt -18.000000 -26.000000
vt -32.000000 -26.000000
vt -32.000000 -12.000000
vt -18.000000 -12.000000
s 1
usemtl __TB_empty
f 263/431/197 262/432/197 261/433/197 264/434/197
o entity0_brush4
v 224.000000 -544.000061 -1023.999939
v 224.000000 -544.000000 0.000041
v 224.000000 -32.000000 0.000002
v 224.000000 -32.000076 -1024.000000
v 256.000000 -32.000000 0.000002
v 256.000000 -544.000000 0.000041
v 256.000000 -544.000061 -1023.999939
v 256.000000 -32.000076 -1024.000000
vn -1.0000 -0.0000 -0.0000
vn -0.0000 -0.0000 1.0000
vn -0.0000 -1.0000 -0.0000
vn -0.0000 1.0000 -0.0000
vn -0.0000 -0.0000 -1.0000
vn 1.0000 -0.0000 -0.0000
vt 4.000000 -0.000000
vt 0.000000 -0.000000
vt 0.000000 0.625000
vt 4.000000 0.625000
vt 0.531250 0.625000
vt 0.500000 0.625000
vt 0.500000 -0.000000
vt 0.531250 -0.000000
vt 0.500000 4.000000
vt 0.531250 4.000000
s 1
usemtl Tiles107_1K-JPG_Color_Gray
f 265/435/198 266/436/198 267/437/198 268/438/198
f 269/439/199 267/440/199 266/441/199 270/442/199
f 270/442/200 266/441/200 265/443/200 271/444/200
f 272/444/201 268/443/201 267/441/201 269/442/201
f 271/442/202 265/441/202 268/440/202 272/439/202
f 272/438/203 269/437/203 270/436/203 271/435/203
o entity0_brush40
v -576.000000 671.999756 -3392.000000
v -576.000000 672.000061 1023.999939
v -576.000000 704.000061 1023.999939
v -576.000000 703.999756 -3392.000000
v -384.000000 704.000061 1023.999939
v -384.000000 672.000061 1023.999939
v -384.000000 671.999756 -3392.000000
v -384.000000 703.999756 -3392.000000
vn -1.0000 -0.0000 -0.0000
vn -0.0000 -0.0000 1.0000
vn -0.0000 -1.0000 -0.0000
vn -0.0000 1.0000 -0.0000
vn -0.0000 -0.0000 -1.0000
vn 1.0000 -0.0000 -0.0000
vt 106.000000 21.000000
vt -32.000000 21.000000
vt -32.000000 22.000000
vt 106.000000 22.000000
vt -0.093750 0.171875
vt -0.140625 0.171875
vt -0.140625 0.140625
vt -0.093750 0.140625
vt -12.000000 -32.000000
vt -18.000000 -32.000000
vt -18.000000 106.000000
vt -12.000000 106.000000
vt 0.062500 0.171875
vt -0.062500 0.171875
vt -0.062500 0.140625
vt 0.062500 0.140625
s 1
usemtl __TB_empty
f 273/445/204 274/446/204 275/447/204 276/448/204
f 278/453/206 274/454/206 273/455/206 279/456/206
f 280/456/207 276/455/207 275/454/207 277/453/207
usemtl Tiles107_1K-JPG_Color_Gray
f 277/449/205 275/450/205 274/451/205 278/452/205
f 279/452/208 273/451/208 276/450/208 280/449/208
f 280/457/209 277/458/209 278/459/209 279/460/209
o entity0_brush41
v -1344.000000 671.999756 -3392.000000
v -1344.000000 672.000061 1023.999939
v -1344.000000 704.000061 1023.999939
v -1344.000000 703.999756 -3392.000000
v -1024.000000 704.000061 1023.999939
v -1024.000000 672.000061 1023.999939
v -1024.000000 671.999756 -3392.000000
v -1024.000000 703.999756 -3392.000000
vn -1.0000 -0.0000 -0.0000
vn -0.0000 -0.0000 1.0000
vn -0.0000 -1.0000 -0.0000
vn -0.0000 1.0000 -0.0000
vn -0.0000 -0.0000 -1.0000
vn 1.0000 -0.0000 -0.0000
vt 0.062500 0.140625
vt -0.062500 0.140625
vt -0.062500 0.171875
vt 0.062500 0.171875
vt -0.250000 0.171875
vt -0.328125 0.171875
vt -0.328125 0.140625
vt -0.250000 0.140625
vt -32.000000 -32.000000
vt -42.000000 -32.000000
vt -42.000000 106.000000
vt -32.000000 106.000000
vt 106.000000 22.000000
vt -32.000000 22.000000
vt -32.000000 21.000000
vt 106.000000 21.000000
s 1
usemtl Tiles107_1K-JPG_Color_Gray
f 281/461/210 282/462/210 283/463/210 284/464/210
f 285/465/211 283/466/211 282/467/211 286/468/211
f 287/468/214 281/467/214 284/466/214 288/465/214
usemtl __TB_empty
f 286/469/212 282/470/212 281/471/212 287/472/212
f 288/472/213 284/471/213 283/470/213 285/469/213
f 288/473/215 285/474/215 286/475/215 287/476/215
o entity0_brush42
v -1024.000000 671.999756 -3392.000000
v -1024.000000 672.000000 383.999939
v -1024.000000 704.000000 383.999939
v -1024.000000 703.999756 -3392.000000
v -576.000000 704.000000 383.999939
v -576.000000 672.000000 383.999939
v -576.000000 671.999756 -3392.000000
v -576.000000 703.999756 -3392.000000
vn -1.0000 -0.0000 -0.0000
vn -0.0000 -0.0000 1.0000
vn -0.0000 -1.0000 -0.0000
vn -0.0000 1.0000 -0.0000
vn -0.0000 -0.0000 -1.0000
vn 1.0000 -0.0000 -0.0000
vt 106.000000 21.000000
vt -12.000000 21.000000
vt -12.000000 22.000000
vt 106.000000 22.000000
vt -18.000000 22.000000
vt -32.000000 22.000000
vt -32.000000 21.000000
vt -18.000000 21.000000
vt -18.000000 -12.000000
vt -32.000000 -12.000000
vt -32.000000 106.000000
vt -18.000000 106.000000
vt -0.140625 0.140625
vt -0.250000 0.140625
vt -0.250000 0.171875
vt -0.140625 0.171875
s 1
usemtl __TB_empty
f 289/477/216 290/478/216 291/479/216 292/480/216
f 293/481/217 291/482/217 290/483/217 294/484/217
f 294/485/218 290/486/218 289/487/218 295/488/218
f 296/488/219 292/487/219 291/486/219 293/485/219
f 296/480/221 293/479/221 294/478/221 295/477/221
usemtl Tiles107_1K-JPG_Color_Gray
f 295/489/220 289/490/220 292/491/220 296/492/220
o entity0_brush43
v -1024.000000 672.000061 831.999939
v -1024.000000 672.000061 1023.999939
v -1024.000000 704.000061 1023.999939
v -1024.000000 704.000061 831.999939
v -576.000000 704.000061 1023.999939
v -576.000000 672.000061 1023.999939
v -576.000000 672.000061 831.999939
v -576.000000 704.000061 831.999939
vn -1.0000 -0.0000 -0.0000
vn -0.0000 -0.0000 1.0000
vn -0.0000 -1.0000 -0.0000
vn -0.0000 1.0000 -0.0000
vn -0.0000 -0.0000 -1.0000
vn 1.0000 -0.0000 -0.0000
vt -26.000000 21.000000
vt -32.000000 21.000000
vt -32.000000 22.000000
vt -26.000000 22.000000
vt -0.140625 0.171875
vt -0.250000 0.171875
vt -0.250000 0.140625
vt -0.140625 0.140625
vt -18.000000 -32.000000
vt -32.000000 -32.000000
vt -32.000000 -26.000000
vt -18.000000 -26.000000
vt -18.000000 21.000000
vt -18.000000 22.000000
s 1
usemtl __TB_empty
f 297/493/222 298/494/222 299/495/222 300/496/222
f 302/501/224 298/502/224 297/503/224 303/504/224
f 304/504/225 300/503/225 299/502/225 301/501/225
f 303/505/226 297/494/226 300/495/226 304/506/226
f 304/496/227 301/495/227 302/494/227 303/493/227
usemtl Tiles107_1K-JPG_Color_Gray
f 301/497/223 299/498/223 298/499/223 302/500/223
o entity0_brush44
v -256.000000 -0.000077 -1024.000000
v -256.000000 0.000058 768.000000
v -256.000000 544.000061 767.999939
v -256.000000 543.999939 -1024.000000
v -224.000000 544.000061 767.999939
v -224.000000 0.000058 768.000000
v -224.000000 -0.000077 -1024.000000
v -224.000000 543.999939 -1024.000000
vn -1.0000 -0.0000 -0.0000
vn -0.0000 -0.0000 1.0000
vn -0.0000 -1.0000 -0.0000
vn -0.0000 1.0000 -0.0000
vn -0.0000 -0.0000 -1.0000
vn 1.0000 -0.0000 -0.0000
vt 2.000000 -0.000000
vt -1.500000 -0.000000
vt -1.500000 0.664062
vt 2.000000 0.664062
vt -7.000000 17.000000
vt -8.000000 17.000000
vt -8.000000 -0.000000
vt -7.000000 -0.000000
vt -7.000000 -24.000000
vt -8.000000 -24.000000
vt -8.000000 32.000000
vt -7.000000 32.000000
vt 0.531250 2.000000
vt 0.500000 2.000000
vt 0.500000 -1.500000
vt 0.531250 -1.500000
vt 0.531250 -0.000000
vt 0.500000 -0.000000
vt 0.500000 0.664062
vt 0.531250 0.664062
vt 32.000000 17.000000
vt -24.000000 17.000000
vt -24.000000 -0.000000
vt 32.000000 -0.000000
s 1
usemtl Tiles107_1K-JPG_Color_Gray
f 305/507/228 306/508/228 307/509/228 308/510/228
f 312/519/231 308/520/231 307/521/231 309/522/231
f 311/523/232 305/524/232 308/525/232 312/526/232
usemtl __TB_empty
f 309/511/229 307/512/229 306/513/229 310/514/229
f 310/515/230 306/516/230 305/517/230 311/518/230
f 312/527/233 309/528/233 310/529/233 311/530/233
o entity0_brush45
v -256.000000 256.000061 768.000000
v -256.000000 256.000092 1024.000000
v -256.000000 544.000061 1023.999939
v -256.000000 544.000061 767.999939
v -224.000000 544.000061 1023.999939
v -224.000000 256.000092 1024.000000
v -224.000000 256.000061 768.000000
v -224.000000 544.000061 767.999939
vn -1.0000 -0.0000 -0.0000
vn -0.0000 -0.0000 1.0000
vn -0.0000 -1.0000 -0.0000
vn -0.0000 1.0000 -0.0000
vn -0.0000 -0.0000 -1.0000
vn 1.0000 -0.0000 -0.0000
vt -1.500000 0.312500
vt -2.000000 0.312500
vt -2.000000 0.664062
vt -1.500000 0.664062
vt -7.000000 17.000000
vt -8.000000 17.000000
vt -8.000000 8.000000
vt -7.000000 8.000000
vt -7.000000 -32.000000
vt -8.000000 -32.000000
vt -8.000000 -24.000000
vt -7.000000 -24.000000
vt 0.531250 -1.500000
vt 0.500000 -1.500000
vt 0.500000 -2.000000
vt 0.531250 -2.000000
vt -24.000000 17.000000
vt -32.000000 17.000000
vt -32.000000 8.000000
vt -24.000000 8.000000
s 1
usemtl Tiles107_1K-JPG_Color_Gray
f 313/531/234 314/532/234 315/533/234 316/534/234
f 320/543/237 316/544/237 315/545/237 317/546/237
usemtl __TB_empty
f 317/535/235 315/536/235 314/537/235 318/538/235
f 318/539/236 314/540/236 313/541/236 319/542/236
f 319/538/238 313/537/238 316/536/238 320/535/238
f 320/547/239 317/548/239 318/549/239 319/550/239
o entity0_black46
v -256.000000 63.999760 -3168.000000
v -368.000000 -64.000237 -3168.000000
v -368.000000 -63.999943 768.000000
v -256.000000 64.000061 768.000000
v -256.000000 -63.999943 768.000000
v -256.000000 -64.000237 -3168.000000
vn -0.7526 0.6585 -0.0000
vn -0.0000 -0.0000 1.0000
vn -0.0000 -1.0000 -0.0000
vn -0.0000 -0.0000 -1.0000
vn 1.0000 -0.0000 -0.0000
vt 2.437500 0.500000
vt 2.437500 0.375000
vt -1.406250 0.375000
vt -1.406250 0.500000
vt -8.000000 2.000000
vt -11.500000 -2.000000
vt -8.000000 -2.000000
vt -0.375000 -0.750000
vt -0.484375 -0.750000
vt -0.484375 3.093750
vt -0.375000 3.093750
vt -0.375000 -0.031250
vt -0.484375 -0.031250
vt -0.375000 0.093750
vt 3.093750 0.093750
vt -0.750000 0.093750
vt -0.750000 -0.031250
vt 3.093750 -0.031250
s 1
usemtl Tiles108_1K-JPG_Color
f 321/551/240 322/552/240 323/553/240 324/554/240
f 325/558/242 323/559/242 322/560/242 326/561/242
f 326/562/243 322/563/243 321/564/243
f 321/565/244 324/566/244 325/567/244 326/568/244
usemtl __TB_empty
f 324/555/241 323/556/241 325/557/241
o entity0_black47
v -256.470581 64.000076 1024.000000
v -368.000000 -63.999924 1024.000000
v -368.000000 -63.999920 1056.000000
v -256.470581 64.000076 1056.000000
v -256.470581 -63.999920 1056.000000
v -256.470581 -63.999924 1024.000000
vn -0.7539 0.6569 -0.0000
vn -0.0000 -0.0000 1.0000
vn -0.0000 -1.0000 -0.0000
vn -0.0000 -0.0000 -1.0000
vn 1.0000 -0.0000 -0.0000
vt -1.656250 0.500000
vt -1.656250 0.375000
vt -1.687500 0.375000
vt -1.687500 0.500000
vt -0.375460 0.093750
vt -0.484375 -0.031250
vt -0.375460 -0.031250
vt -0.375460 -1.031250
vt -0.484375 -1.031250
vt -0.484375 -1.000000
vt -0.375460 -1.000000
vt -8.014706 -2.000000
vt -11.500000 -2.000000
vt -8.014706 2.000000
vt -1.000000 0.093750
vt -1.031250 0.093750
vt -1.031250 -0.031250
vt -1.000000 -0.031250
s 1
usemtl Tiles108_1K-JPG_Color
f 327/569/245 328/570/245 329/571/245 330/572/245
f 330/573/246 329/574/246 331/575/246
f 331/576/247 329/577/247 328/578/247 332/579/247
f 327/583/249 330/584/249 331/585/249 332/586/249
usemtl __TB_empty
f 332/580/248 328/581/248 327/582/248
o entity0_black48
v -368.000000 -63.999943 768.000000
v -368.000000 -63.999924 1024.000000
v -312.000000 -0.499923 1024.000000
v -312.000000 -0.499942 768.000000
v -256.000000 -0.499923 1024.000000
v -256.000000 -63.999924 1024.000000
v -256.000000 -63.999943 768.000000
v -256.000000 -0.499942 768.000000
vn -0.7500 0.6614 -0.0000
vn -0.0000 -0.0000 1.0000
vn -0.0000 -1.0000 -0.0000
vn -0.0000 1.0000 -0.0000
vn -0.0000 -0.0000 -1.0000
vn 1.0000 -0.0000 -0.0000
vt -1.406250 0.375000
vt -1.656250 0.375000
vt -1.656250 0.437012
vt -1.406250 0.437012
vt -8.000000 -0.015625
vt -9.750000 -0.015625
vt -11.500000 -2.000000
vt -8.000000 -2.000000
vt -0.375000 -1.000000
vt -0.484375 -1.000000
vt -0.484375 -0.750000
vt -0.375000 -0.750000
vt -8.000000 -24.000000
vt -9.750000 -24.000000
vt -9.750000 -32.000000
vt -8.000000 -32.000000
vt -0.750000 0.030762
vt -1.000000 0.030762
vt -1.000000 -0.031250
vt -0.750000 -0.031250
s 1
usemtl Tiles108_1K-JPG_Color
f 333/587/250 334/588/250 335/589/250 336/590/250
f 338/595/252 334/596/252 333/597/252 339/598/252
f 340/603/255 337/604/255 338/605/255 339/606/255
usemtl __TB_empty
f 337/591/251 335/592/251 334/593/251 338/594/251
f 340/599/253 336/600/253 335/601/253 337/602/253
f 339/594/254 333/593/254 336/592/254 340/591/254
o entity0_brush49
v -224.000000 0.000054 720.000000
v -224.000000 0.000058 768.000000
v -224.000000 256.000061 768.000000
v -224.000000 256.000061 720.000000
v -192.000000 256.000061 768.000000
v -48.000000 0.000058 768.000000
v -48.000000 0.000054 720.000000
v -192.000000 256.000061 720.000000
vn -1.0000 -0.0000 -0.0000
vn -0.0000 -0.0000 1.0000
vn -0.0000 -1.0000 -0.0000
vn -0.0000 1.0000 -0.0000
vn -0.0000 -0.0000 -1.0000
vn 0.8716 0.4903 -0.0000
vt -22.500000 -0.000000
vt -24.000000 -0.000000
vt -24.000000 8.000000
vt -22.500000 8.000000
vt -6.000000 8.000000
vt -7.000000 8.000000
vt -7.000000 -0.000000
vt -1.500000 -0.000000
vt -1.500000 -24.000000
vt -7.000000 -24.000000
vt -7.000000 -22.500000
vt -1.500000 -22.500000
vt -6.000000 -22.500000
vt -6.000000 -24.000000
s 1
usemtl __TB_empty
f 341/607/256 342/608/256 343/609/256 344/610/256
f 345/611/257 343/612/257 342/613/257 346/614/257
f 346/615/258 342/616/258 341/617/258 347/618/258
f 348/619/259 344/617/259 343/616/259 345/620/259
f 347/614/260 341/613/260 344/612/260 348/611/260
f 348/610/261 345/609/261 346/608/261 347/607/261
o entity0_brush5
v -256.000000 -544.000061 -1023.999939
v -256.000000 -544.000000 0.000041
v -256.000000 -32.000000 0.000002
v -256.000000 -32.000076 -1024.000000
v -224.000000 -32.000000 0.000002
v -224.000000 -544.000000 0.000041
v -224.000000 -544.000061 -1023.999939
v -224.000000 -32.000076 -1024.000000
vn -1.0000 -0.0000 -0.0000
vn -0.0000 -0.0000 1.0000
vn -0.0000 -1.0000 -0.0000
vn -0.0000 1.0000 -0.0000
vn -0.0000 -0.0000 -1.0000
vn 1.0000 -0.0000 -0.0000
vt 4.000000 -0.000000
vt 0.000000 -0.000000
vt 0.000000 0.625000
vt 4.000000 0.625000
vt 0.531250 0.625000
vt 0.500000 0.625000
vt 0.500000 -0.000000
vt 0.531250 -0.000000
vt 0.500000 4.000000
vt 0.531250 4.000000
s 1
usemtl Tiles107_1K-JPG_Color_Gray
f 349/621/262 350/622/262 351/623/262 352/624/262
f 353/625/263 351/626/263 350/627/263 354/628/263
f 354/628/264 350/627/264 349/629/264 355/630/264
f 356/630/265 352/629/265 351/627/265 353/628/265
f 355/628/266 349/627/266 352/626/266 356/625/266
f 356/624/267 353/623/267 354/622/267 355/621/267
o portal_entrance_2
v 576.000000 -448.000031 -399.999969
v 576.000000 -64.000031 -400.000000
v 960.000000 -448.000031 -399.999969
v 960.000000 -64.000031 -400.000000
vn -0.0000 -0.0000 -1.0000
vt 30.000000 -14.000000
vt 18.000000 -14.000000
vt 18.000000 -2.000000
vt 30.000000 -2.000000
s 1
usemtl __TB_empty
f 359/631/268 357/632/268 358/633/268 360/634/268
o entity0_brush51
v -544.000000 -47.999973 352.000000
v -544.000000 -64.017838 352.000000
v -544.000000 -64.017792 864.000000
v -544.000000 -47.999935 864.000000
v -496.000000 -64.017792 864.000000
v -496.000000 -64.017838 352.000000
vn -1.0000 -0.0000 -0.0000
vn -0.0000 -1.0000 -0.0000
vn -0.0000 -0.0000 1.0000
vn -0.0000 -0.0000 -1.0000
vn 0.3165 0.9486 -0.0000
vt -0.343750 -0.046875
vt -0.343750 -0.062517
vt -0.843750 -0.062517
vt -0.843750 -0.046875
vt -0.484375 -0.843750
vt -0.531250 -0.843750
vt -0.531250 -0.343750
vt -0.484375 -0.343750
vt -0.531250 -0.046875
vt -0.531250 -0.062517
vt -0.484375 -0.062517
s 1
usemtl Tiles107_1K-JPG_Color_Gray
f 361/635/269 362/636/269 363/637/269 364/638/269
f 365/639/270 363/640/270 362/641/270 366/642/270
f 364/643/271 363/644/271 365/645/271
f 366/645/272 362/644/272 361/643/272
f 361/641/273 364/640/273 365/639/273 366/642/273
o entity0_brush52
v -576.000000 -79.999969 384.000000
v -576.000000 -79.999939 832.000000
v -576.000000 -47.999939 832.000000
v -576.000000 -47.999969 384.000000
v -544.000000 -47.999939 832.000000
v -544.000000 -79.999939 832.000000
v -544.000000 -79.999969 384.000000
v -544.000000 -47.999969 384.000000
vn -1.0000 -0.0000 -0.0000
vn -0.0000 -0.0000 1.0000
vn -0.0000 -1.0000 -0.0000
vn -0.0000 1.0000 -0.0000
vn -0.0000 -0.0000 -1.0000
vn 1.0000 -0.0000 -0.0000
vt -0.375000 -0.078125
vt -0.812500 -0.078125
vt -0.812500 -0.046875
vt -0.375000 -0.046875
vt -0.531250 -0.046875
vt -0.562500 -0.046875
vt -0.562500 -0.078125
vt -0.531250 -0.078125
vt -0.531250 -0.812500
vt -0.562500 -0.812500
vt -0.562500 -0.375000
vt -0.531250 -0.375000
s 1
usemtl Tiles107_1K-JPG_Color_Gray
f 367/646/274 368/647/274 369/648/274 370/649/274
f 371/650/275 369/651/275 368/652/275 372/653/275
f 372/654/276 368/655/276 367/656/276 373/657/276
f 374/657/277 370/656/277 369/655/277 371/654/277
f 373/653/278 367/652/278 370/651/278 374/650/278
f 374/649/279 371/648/279 372/647/279 373/646/279
o entity0_brush53
v -1056.000000 -47.999973 352.000000
v -1104.000000 -63.999973 352.000000
v -1104.000000 -63.999935 864.000000
v -1056.000000 -47.999935 864.000000
v -1056.000000 -63.999935 864.000000
v -1056.000000 -63.999973 352.000000
vn -0.3162 0.9487 -0.0000
vn -0.0000 -0.0000 1.0000
vn -0.0000 -1.0000 -0.0000
vn -0.0000 -0.0000 -1.0000
vn 1.0000 -0.0000 -0.0000
vt -1.031250 -0.343750
vt -1.078125 -0.343750
vt -1.078125 -0.843750
vt -1.031250 -0.843750
vt -1.031250 -0.046875
vt -1.078125 -0.062500
vt -1.031250 -0.062500
vt -0.343750 -0.046875
vt -0.843750 -0.046875
vt -0.843750 -0.062500
vt -0.343750 -0.062500
s 1
usemtl Tiles107_1K-JPG_Color_Gray
f 375/658/280 376/659/280 377/660/280 378/661/280
f 378/662/281 377/663/281 379/664/281
f 379/661/282 377/660/282 376/659/282 380/658/282
f 380/664/283 376/663/283 375/662/283
f 375/665/284 378/666/284 379/667/284 380/668/284
o entity0_brush54
v -1056.000000 -79.999969 384.000000
v -1056.000000 -79.999939 832.000000
v -1056.000000 -47.999939 832.000000
v -1056.000000 -47.999969 384.000000
v -1024.000000 -47.999939 832.000000
v -1024.000000 -79.999939 832.000000
v -1024.000000 -79.999969 384.000000
v -1024.000000 -47.999969 384.000000
vn -1.0000 -0.0000 -0.0000
vn -0.0000 -0.0000 1.0000
vn -0.0000 -1.0000 -0.0000
vn -0.0000 1.0000 -0.0000
vn -0.0000 -0.0000 -1.0000
vn 1.0000 -0.0000 -0.0000
vt -0.375000 -0.078125
vt -0.812500 -0.078125
vt -0.812500 -0.046875
vt -0.375000 -0.046875
vt -1.000000 -0.046875
vt -1.031250 -0.046875
vt -1.031250 -0.078125
vt -1.000000 -0.078125
vt -1.000000 -0.812500
vt -1.031250 -0.812500
vt -1.031250 -0.375000
vt -1.000000 -0.375000
s 1
usemtl Tiles107_1K-JPG_Color_Gray
f 381/669/285 382/670/285 383/671/285 384/672/285
f 385/673/286 383/674/286 382/675/286 386/676/286
f 386/677/287 382/678/287 381/679/287 387/680/287
f 388/680/288 384/679/288 383/678/288 385/677/288
f 387/676/289 381/675/289 384/674/289 388/673/289
f 388/672/290 385/671/290 386/670/290 387/669/290
o portal_exit_1
v -1024.000000 -79.999969 384.000000
v -1024.000000 -79.999939 832.000000
v -576.000000 -79.999939 832.000000
v -576.000000 -79.999969 384.000000
vn -0.0000 1.0000 -0.0000
vt -0.562500 -0.812500
vt -0.562500 -0.375000
vt -1.000000 -0.375000
vt -1.000000 -0.812500
s 1
usemtl Tiles107_1K-JPG_Color_Gray
f 391/681/291 392/682/291 389/683/291 390/684/291
o entity0_brush56
v -1056.000000 -63.999935 864.000000
v -1056.000000 -63.999931 912.000000
v -1056.000000 -47.999935 864.000000
v -544.000000 -47.999935 864.000000
v -544.000000 -63.999931 912.000000
v -544.000000 -63.999935 864.000000
vn -1.0000 -0.0000 -0.0000
vn -0.0000 0.9487 0.3162
vn -0.0000 -1.0000 -0.0000
vn -0.0000 -0.0000 -1.0000
vn 1.0000 -0.0000 -0.0000
vt -0.843750 -0.062500
vt -0.890625 -0.062500
vt -0.843750 -0.046875
vt -0.531250 -0.843750
vt -1.031250 -0.843750
vt -1.031250 -0.890625
vt -0.531250 -0.890625
vt -0.531250 -0.062500
vt -1.031250 -0.062500
vt -1.031250 -0.046875
vt -0.531250 -0.046875
s 1
usemtl Tiles107_1K-JPG_Color_Gray
f 393/685/292 394/686/292 395/687/292
f 396/688/293 395/689/293 394/690/293 397/691/293
f 397/691/294 394/690/294 393/689/294 398/688/294
f 398/692/295 393/693/295 395/694/295 396/695/295
f 397/686/296 398/685/296 396/687/296
o entity0_brush57
v -1056.000000 -79.999939 832.000000
v -1056.000000 -79.999931 864.000000
v -1056.000000 -47.999935 864.000000
v -1056.000000 -47.999939 832.000000
v -544.000000 -47.999935 864.000000
v -544.000000 -79.999931 864.000000
v -544.000000 -79.999939 832.000000
v -544.000000 -47.999939 832.000000
vn -1.0000 -0.0000 -0.0000
vn -0.0000 -0.0000 1.0000
vn -0.0000 -1.0000 -0.0000
vn -0.0000 1.0000 -0.0000
vn -0.0000 -0.0000 -1.0000
vn 1.0000 -0.0000 -0.0000
vt -0.812500 -0.078125
vt -0.843750 -0.078125
vt -0.843750 -0.046875
vt -0.812500 -0.046875
vt -0.531250 -0.046875
vt -1.031250 -0.046875
vt -1.031250 -0.078125
vt -0.531250 -0.078125
vt -0.531250 -0.843750
vt -1.031250 -0.843750
vt -1.031250 -0.812500
vt -0.531250 -0.812500
s 1
usemtl Tiles107_1K-JPG_Color_Gray
f 399/696/297 400/697/297 401/698/297 402/699/297
f 403/700/298 401/701/298 400/702/298 404/703/298
f 404/704/299 400/705/299 399/706/299 405/707/299
f 406/707/300 402/706/300 401/705/300 403/704/300
f 405/703/301 399/702/301 402/701/301 406/700/301
f 406/699/302 403/698/302 404/697/302 405/696/302
o entity0_brush58
v -1056.000000 -79.999977 352.000000
v -1056.000000 -79.999969 384.000000
v -1056.000000 -47.999969 384.000000
v -1056.000000 -47.999973 352.000000
v -544.000000 -47.999969 384.000000
v -544.000000 -79.999969 384.000000
v -544.000000 -79.999977 352.000000
v -544.000000 -47.999973 352.000000
vn -1.0000 -0.0000 -0.0000
vn -0.0000 -0.0000 1.0000
vn -0.0000 -1.0000 -0.0000
vn -0.0000 1.0000 -0.0000
vn -0.0000 -0.0000 -1.0000
vn 1.0000 -0.0000 -0.0000
vt -0.343750 -0.078125
vt -0.375000 -0.078125
vt -0.375000 -0.046875
vt -0.343750 -0.046875
vt -0.531250 -0.046875
vt -1.031250 -0.046875
vt -1.031250 -0.078125
vt -0.531250 -0.078125
vt -0.531250 -0.375000
vt -1.031250 -0.375000
vt -1.031250 -0.343750
vt -0.531250 -0.343750
s 1
usemtl Tiles107_1K-JPG_Color_Gray
f 407/708/303 408/709/303 409/710/303 410/711/303
f 411/712/304 409/713/304 408/714/304 412/715/304
f 412/716/305 408/717/305 407/718/305 413/719/305
f 414/719/306 410/718/306 409/717/306 411/716/306
f 413/715/307 407/714/307 410/713/307 414/712/307
f 414/711/308 411/710/308 412/709/308 413/708/308
o entity0_brush59
v -1056.000000 -63.999977 304.000000
v -1056.000000 -63.999973 352.000000
v -1056.000000 -47.999973 352.000000
v -544.000000 -47.999973 352.000000
v -544.000000 -63.999973 352.000000
v -544.000000 -63.999977 304.000000
vn -1.0000 -0.0000 -0.0000
vn -0.0000 -0.0000 1.0000
vn -0.0000 -1.0000 -0.0000
vn -0.0000 0.9487 -0.3162
vn 1.0000 -0.0000 -0.0000
vt -0.296875 -0.062500
vt -0.343750 -0.062500
vt -0.343750 -0.046875
vt -0.531250 -0.046875
vt -1.031250 -0.046875
vt -1.031250 -0.062500
vt -0.531250 -0.062500
vt -0.531250 -0.343750
vt -1.031250 -0.343750
vt -1.031250 -0.296875
vt -0.531250 -0.296875
s 1
usemtl Tiles107_1K-JPG_Color_Gray
f 415/720/309 416/721/309 417/722/309
f 418/723/310 417/724/310 416/725/310 419/726/310
f 419/727/311 416/728/311 415/729/311 420/730/311
f 420/730/312 415/729/312 417/728/312 418/727/312
f 419/721/313 420/720/313 418/722/313
o entity0_brush6
v -256.000000 -544.000000 0.000041
v -256.000000 -544.000000 32.000042
v -256.000000 -31.999998 32.000004
v -256.000000 -32.000000 0.000002
v 256.000000 -31.999998 32.000004
v 256.000000 -544.000000 32.000042
v 256.000000 -544.000000 0.000041
v 256.000000 -32.000000 0.000002
vn -1.0000 -0.0000 -0.0000
vn -0.0000 -0.0000 1.0000
vn -0.0000 -1.0000 -0.0000
vn -0.0000 1.0000 -0.0000
vn -0.0000 -0.0000 -1.0000
vn 1.0000 -0.0000 -0.0000
vt 0.000000 -0.000000
vt -0.031250 -0.000000
vt -0.031250 0.054688
vt 0.000000 0.054688
vt 0.250000 0.054688
vt -0.250000 0.054688
vt -0.250000 -0.000000
vt 0.250000 -0.000000
vt 0.250000 -0.031250
vt -0.250000 -0.031250
vt -0.250000 -0.000000
vt 0.250000 -0.000000
s 1
usemtl Tiles107_1K-JPG_Color_Gray
f 421/731/314 422/732/314 423/733/314 424/734/314
f 425/735/315 423/736/315 422/737/315 426/738/315
f 426/739/316 422/740/316 421/741/316 427/742/316
f 428/742/317 424/741/317 423/740/317 425/739/317
f 427/738/318 421/737/318 424/736/318 428/735/318
f 428/734/319 425/733/319 426/732/319 427/731/319
o entity0_brush60
v -384.000000 -63.999989 144.000000
v -384.000000 -63.999985 184.888885
v -384.000000 704.000000 184.888840
v -384.000000 704.000000 143.999954
v -256.000000 704.000000 184.888840
v -256.000000 -63.999985 184.888885
v -256.000000 -63.999989 144.000000
v -256.000000 704.000000 143.999954
vn -1.0000 -0.0000 -0.0000
vn -0.0000 -0.0000 1.0000
vn -0.0000 -1.0000 -0.0000
vn -0.0000 1.0000 -0.0000
vn -0.0000 -0.0000 -1.0000
vn 1.0000 -0.0000 -0.0000
vt -0.140625 -0.062500
vt -0.180556 -0.062500
vt -0.180556 0.687500
vt -0.140625 0.687500
vt -0.250000 0.069878
vt -0.375000 0.069878
vt -0.375000 -0.003038
vt -0.250000 -0.003038
vt -0.250000 -0.180556
vt -0.375000 -0.180556
vt -0.375000 -0.140625
vt -0.250000 -0.140625
vt -0.140625 0.069878
vt -0.180556 0.069878
vt -0.180556 -0.003038
vt -0.140625 -0.003038
s 1
usemtl Tiles107_1K-JPG_Color_Gray
f 429/743/320 430/744/320 431/745/320 432/746/320
f 433/747/321 431/748/321 430/749/321 434/750/321
f 434/751/322 430/752/322 429/753/322 435/754/322
f 436/754/323 432/753/323 431/752/323 433/751/323
f 435/750/324 429/749/324 432/748/324 436/747/324
f 436/755/325 433/756/325 434/757/325 435/758/325
o entity0_brush61
v -512.000000 128.000015 143.999985
v -512.000000 128.000015 184.888870
v -512.000000 704.000000 184.888840
v -512.000000 704.000000 143.999954
v -384.000000 704.000000 184.888840
v -384.000000 128.000015 184.888870
v -384.000000 128.000015 143.999985
v -384.000000 704.000000 143.999954
vn -1.0000 -0.0000 -0.0000
vn -0.0000 -0.0000 1.0000
vn -0.0000 -1.0000 -0.0000
vn -0.0000 1.0000 -0.0000
vn -0.0000 -0.0000 -1.0000
vn 1.0000 -0.0000 -0.0000
vt -0.140625 0.125000
vt -0.180556 0.125000
vt -0.180556 0.687500
vt -0.140625 0.687500
vt -0.375000 0.069878
vt -0.500000 0.069878
vt -0.500000 0.015191
vt -0.375000 0.015191
vt -0.375000 -0.180556
vt -0.500000 -0.180556
vt -0.500000 -0.140625
vt -0.375000 -0.140625
s 1
usemtl Tiles107_1K-JPG_Color_Gray
f 437/759/326 438/760/326 439/761/326 440/762/326
f 441/763/327 439/764/327 438/765/327 442/766/327
f 442/767/328 438/768/328 437/769/328 443/770/328
f 444/770/329 440/769/329 439/768/329 441/767/329
f 443/766/330 437/765/330 440/764/330 444/763/330
f 444/762/331 441/761/331 442/760/331 443/759/331
o entity0_brush62
v -1344.000000 -63.999989 144.000000
v -1344.000000 -63.999985 184.888885
v -1344.000000 704.000000 184.888840
v -1344.000000 704.000000 143.999954
v -1216.000000 704.000000 184.888840
v -1216.000000 -63.999985 184.888885
v -1216.000000 -63.999989 144.000000
v -1216.000000 704.000000 143.999954
vn -1.0000 -0.0000 -0.0000
vn -0.0000 -0.0000 1.0000
vn -0.0000 -1.0000 -0.0000
vn -0.0000 1.0000 -0.0000
vn -0.0000 -0.0000 -1.0000
vn 1.0000 -0.0000 -0.0000
vt -0.140625 -0.003038
vt -0.180556 -0.003038
vt -0.180556 0.069878
vt -0.140625 0.069878
vt -1.187500 0.069878
vt -1.312500 0.069878
vt -1.312500 -0.003038
vt -1.187500 -0.003038
vt -1.187500 -0.180556
vt -1.312500 -0.180556
vt -1.312500 -0.140625
vt -1.187500 -0.140625
vt -0.140625 0.687500
vt -0.180556 0.687500
vt -0.180556 -0.062500
vt -0.140625 -0.062500
s 1
usemtl Tiles107_1K-JPG_Color_Gray
f 445/771/332 446/772/332 447/773/332 448/774/332
f 449/775/333 447/776/333 446/777/333 450/778/333
f 450/779/334 446/780/334 445/781/334 451/782/334
f 452/782/335 448/781/335 447/780/335 449/779/335
f 451/778/336 445/777/336 448/776/336 452/775/336
f 452/783/337 449/784/337 450/785/337 451/786/337
o entity0_brush63
v -1216.000000 128.000015 143.999985
v -1216.000000 128.000015 184.888870
v -1216.000000 704.000000 184.888840
v -1216.000000 704.000000 143.999954
v -1088.000000 704.000000 184.888840
v -1088.000000 128.000015 184.888870
v -1088.000000 128.000015 143.999985
v -1088.000000 704.000000 143.999954
vn -1.0000 -0.0000 -0.0000
vn -0.0000 -0.0000 1.0000
vn -0.0000 -1.0000 -0.0000
vn -0.0000 1.0000 -0.0000
vn -0.0000 -0.0000 -1.0000
vn 1.0000 -0.0000 -0.0000
vt -0.140625 0.125000
vt -0.180556 0.125000
vt -0.180556 0.687500
vt -0.140625 0.687500
vt -1.062500 0.069878
vt -1.187500 0.069878
vt -1.187500 0.015191
vt -1.062500 0.015191
vt -1.062500 -0.180556
vt -1.187500 -0.180556
vt -1.187500 -0.140625
vt -1.062500 -0.140625
s 1
usemtl Tiles107_1K-JPG_Color_Gray
f 453/787/338 454/788/338 455/789/338 456/790/338
f 457/791/339 455/792/339 454/793/339 458/794/339
f 458/795/340 454/796/340 453/797/340 459/798/340
f 460/798/341 456/797/341 455/796/341 457/795/341
f 459/794/342 453/793/342 456/792/342 460/791/342
f 460/790/343 457/789/343 458/788/343 459/787/343
o entity0_brush64
v -608.000000 -63.999989 144.000000
v -608.000000 -63.999985 184.888885
v -608.000000 704.000000 184.888840
v -608.000000 704.000000 143.999954
v -512.000000 704.000000 184.888840
v -512.000000 -63.999985 184.888885
v -512.000000 -63.999989 144.000000
v -512.000000 704.000000 143.999954
vn -1.0000 -0.0000 -0.0000
vn -0.0000 -0.0000 1.0000
vn -0.0000 -1.0000 -0.0000
vn -0.0000 1.0000 -0.0000
vn -0.0000 -0.0000 -1.0000
vn 1.0000 -0.0000 -0.0000
vt -4.500000 -2.000000
vt -5.777778 -2.000000
vt -5.777778 22.000000
vt -4.500000 22.000000
vt -0.500000 0.069878
vt -0.593750 0.069878
vt -0.593750 -0.003038
vt -0.500000 -0.003038
vt -0.500000 -0.180556
vt -0.593750 -0.180556
vt -0.593750 -0.140625
vt -0.500000 -0.140625
vt -0.140625 0.687500
vt -0.180556 0.687500
vt -0.180556 -0.062500
vt -0.140625 -0.062500
s 1
usemtl __TB_empty
f 461/799/344 462/800/344 463/801/344 464/802/344
usemtl Tiles107_1K-JPG_Color_Gray
f 465/803/345 463/804/345 462/805/345 466/806/345
f 466/807/346 462/808/346 461/809/346 467/810/346
f 468/810/347 464/809/347 463/808/347 465/807/347
f 467/806/348 461/805/348 464/804/348 468/803/348
f 468/811/349 465/812/349 466/813/349 467/814/349
o entity0_brush65
v -1088.000000 -63.999989 144.000000
v -1088.000000 -63.999985 184.888885
v -1088.000000 704.000000 184.888840
v -1088.000000 704.000000 143.999954
v -992.000000 704.000000 184.888840
v -992.000000 -63.999985 184.888885
v -992.000000 -63.999989 144.000000
v -992.000000 704.000000 143.999954
vn -1.0000 -0.0000 -0.0000
vn -0.0000 -0.0000 1.0000
vn -0.0000 -1.0000 -0.0000
vn -0.0000 1.0000 -0.0000
vn -0.0000 -0.0000 -1.0000
vn 1.0000 -0.0000 -0.0000
vt -0.140625 -0.062500
vt -0.180556 -0.062500
vt -0.180556 0.687500
vt -0.140625 0.687500
vt -0.968750 0.069878
vt -1.062500 0.069878
vt -1.062500 -0.003038
vt -0.968750 -0.003038
vt -0.968750 -0.180556
vt -1.062500 -0.180556
vt -1.062500 -0.140625
vt -0.968750 -0.140625
vt -4.500000 22.000000
vt -5.777778 22.000000
vt -5.777778 -2.000000
vt -4.500000 -2.000000
s 1
usemtl Tiles107_1K-JPG_Color_Gray
f 469/815/350 470/816/350 471/817/350 472/818/350
f 473/819/351 471/820/351 470/821/351 474/822/351
f 474/823/352 470/824/352 469/825/352 475/826/352
f 476/826/353 472/825/353 471/824/353 473/823/353
f 475/822/354 469/821/354 472/820/354 476/819/354
usemtl __TB_empty
f 476/827/355 473/828/355 474/829/355 475/830/355
o entity0_brush66
v -992.000000 384.000000 143.999969
v -992.000000 384.000000 184.888855
v -992.000000 704.000000 184.888840
v -992.000000 704.000000 143.999954
v -608.000000 704.000000 184.888840
v -608.000000 384.000000 184.888855
v -608.000000 384.000000 143.999969
v -608.000000 704.000000 143.999954
vn -1.0000 -0.0000 -0.0000
vn -0.0000 -0.0000 1.0000
vn -0.0000 -1.0000 -0.0000
vn -0.0000 1.0000 -0.0000
vn -0.0000 -0.0000 -1.0000
vn 1.0000 -0.0000 -0.0000
vt -4.500000 12.000000
vt -5.777778 12.000000
vt -5.777778 22.000000
vt -4.500000 22.000000
vt -0.593750 0.069878
vt -0.968750 0.069878
vt -0.968750 0.039497
vt -0.593750 0.039497
vt -19.000000 -5.777778
vt -31.000000 -5.777778
vt -31.000000 -4.500000
vt -19.000000 -4.500000
vt -0.593750 -0.140625
vt -0.968750 -0.140625
vt -0.968750 -0.180556
vt -0.593750 -0.180556
s 1
usemtl __TB_empty
f 477/831/356 478/832/356 479/833/356 480/834/356
f 482/839/358 478/840/358 477/841/358 483/842/358
f 484/834/361 481/833/361 482/832/361 483/831/361
usemtl Tiles107_1K-JPG_Color_Gray
f 481/835/357 479/836/357 478/837/357 482/838/357
f 484/843/359 480/844/359 479/845/359 481/846/359
f 483/838/360 477/837/360 480/836/360 484/835/360
o entity0_brush67
v -992.000000 -63.999989 144.000000
v -992.000000 -63.999985 184.888885
v -992.000000 0.000014 184.888885
v -992.000000 0.000011 144.000000
v -608.000000 0.000014 184.888885
v -608.000000 -63.999985 184.888885
v -608.000000 -63.999989 144.000000
v -608.000000 0.000011 144.000000
vn -1.0000 -0.0000 -0.0000
vn -0.0000 -0.0000 1.0000
vn -0.0000 -1.0000 -0.0000
vn -0.0000 1.0000 -0.0000
vn -0.0000 -0.0000 -1.0000
vn 1.0000 -0.0000 -0.0000
vt -4.500000 -2.000000
vt -5.777778 -2.000000
vt -5.777778 -0.000000
vt -4.500000 -0.000000
vt -0.593750 0.003038
vt -0.968750 0.003038
vt -0.968750 -0.003038
vt -0.593750 -0.003038
vt -0.593750 -0.180556
vt -0.968750 -0.180556
vt -0.968750 -0.140625
vt -0.593750 -0.140625
vt -19.000000 -4.500000
vt -31.000000 -4.500000
vt -31.000000 -5.777778
vt -19.000000 -5.777778
s 1
usemtl __TB_empty
f 485/847/362 486/848/362 487/849/362 488/850/362
f 492/859/365 488/860/365 487/861/365 489/862/365
f 492/850/367 489/849/367 490/848/367 491/847/367
usemtl Tiles107_1K-JPG_Color_Gray
f 489/851/363 487/852/363 486/853/363 490/854/363
f 490/855/364 486/856/364 485/857/364 491/858/364
f 491/854/366 485/853/366 488/852/366 492/851/366
o portal_exit_2
v -992.000000 0.000014 184.888885
v -992.000000 384.000000 184.888855
v -608.000000 384.000000 184.888855
v -608.000000 0.000014 184.888885
vn -0.0000 -0.0000 1.0000
vt -0.593750 0.375000
vt -0.968750 0.375000
vt -0.968750 -0.000000
vt -0.593750 -0.000000
s 1
usemtl Tiles107_1K-JPG_Color_Gray
f 495/863/368 494/864/368 493/865/368 496/866/368
o entity0_black69
v 1232.000000 -400.000244 -3392.000000
v 1104.000000 -528.000244 -3392.000000
v 1104.000000 -528.000183 -2432.000000
v 1232.000000 -400.000183 -2432.000000
v 1232.000000 -528.000183 -2432.000000
v 1232.000000 -528.000244 -3392.000000
vn -0.7071 0.7071 -0.0000
vn -0.0000 -0.0000 1.0000
vn -0.0000 -1.0000 -0.0000
vn -0.0000 -0.0000 -1.0000
vn 1.0000 -0.0000 -0.0000
vt 1.203125 3.312500
vt 1.078125 3.312500
vt 1.078125 2.375000
vt 1.203125 2.375000
vt 1.203125 -0.390625
vt 1.078125 -0.515625
vt 1.203125 -0.515625
vt 3.312500 -0.390625
vt 2.375000 -0.390625
vt 2.375000 -0.515625
vt 3.312500 -0.515625
s 1
usemtl Tiles107_1K-JPG_Color_Gray
f 497/867/369 498/868/369 499/869/369 500/870/369
f 500/871/370 499/872/370 501/873/370
f 501/870/371 499/869/371 498/868/371 502/867/371
f 502/873/372 498/872/372 497/871/372
f 497/874/373 500/875/373 501/876/373 502/877/373
o entity0_brush7
v -1344.000000 -512.000244 -3432.000000
v -1344.000000 -512.000244 -3392.000000
v -1344.000000 671.999756 -3392.000000
v -1344.000000 671.999756 -3432.000000
v 256.000000 671.999756 -3392.000000
v 256.000000 -512.000244 -3392.000000
v 256.000000 -512.000244 -3432.000000
v 256.000000 671.999756 -3432.000000
vn -1.0000 -0.0000 -0.0000
vn -0.0000 -0.0000 1.0000
vn -0.0000 -1.0000 -0.0000
vn -0.0000 1.0000 -0.0000
vn -0.0000 -0.0000 -1.0000
vn 1.0000 -0.0000 -0.0000
vt 3.007812 0.000000
vt 2.968750 0.000000
vt 2.968750 0.061316
vt 3.007812 0.061316
vt 0.250000 0.061316
vt -1.312500 0.061316
vt -1.312500 0.000000
vt 0.250000 0.000000
vt 0.250000 2.968750
vt -1.312500 2.968750
vt -1.312500 3.007812
vt 0.250000 3.007812
s 1
usemtl Tiles107_1K-JPG_Color_Gray
f 503/878/374 504/879/374 505/880/374 506/881/374
f 507/882/375 505/883/375 504/884/375 508/885/375
f 508/886/376 504/887/376 503/888/376 509/889/376
f 510/889/377 506/888/377 505/887/377 507/886/377
f 509/885/378 503/884/378 506/883/378 510/882/378
f 510/881/379 507/880/379 508/879/379 509/878/379
o entity0_black70
v 1232.000000 -656.000183 -2432.000000
v 1104.000000 -528.000183 -2432.000000
v 1104.000000 -528.000244 -3392.000000
v 1232.000000 -656.000244 -3392.000000
v 1232.000000 -528.000183 -2432.000000
v 1232.000000 -528.000244 -3392.000000
vn -0.7071 -0.7071 -0.0000
vn -0.0000 -0.0000 1.0000
vn -0.0000 1.0000 -0.0000
vn -0.0000 -0.0000 -1.0000
vn 1.0000 -0.0000 -0.0000
vt 1.203125 2.375000
vt 1.078125 2.375000
vt 1.078125 3.312500
vt 1.203125 3.312500
vt 1.203125 -0.515625
vt 1.078125 -0.515625
vt 1.203125 -0.640625
vt 3.312500 -0.515625
vt 2.375000 -0.515625
vt 2.375000 -0.640625
vt 3.312500 -0.640625
s 1
usemtl Tiles107_1K-JPG_Color_Gray
f 511/890/380 512/891/380 513/892/380 514/893/380
f 515/894/381 512/895/381 511/896/381
f 516/893/382 513/892/382 512/891/382 515/890/382
f 514/896/383 513/895/383 516/894/383
f 516/897/384 515/898/384 511/899/384 514/900/384
o entity0_brush71
v -544.000000 -63.999977 304.000000
v -544.000000 -63.999973 352.000000
v -544.000000 -47.999973 352.000000
v -496.000000 -63.999973 352.000000
v -496.000000 -63.999977 304.000000
vn -1.0000 -0.0000 -0.0000
vn -0.0000 -0.0000 1.0000
vn -0.0000 -1.0000 -0.0000
vn -0.0000 0.9487 -0.3162
vn 0.3162 0.9487 -0.0000
vt -0.296875 -0.062500
vt -0.343750 -0.062500
vt -0.343750 -0.046875
vt -0.531250 -0.046875
vt -0.531250 -0.062500
vt -0.484375 -0.062500
vt -0.484375 -0.343750
vt -0.531250 -0.343750
vt -0.531250 -0.296875
vt -0.484375 -0.296875
s 1
usemtl Tiles107_1K-JPG_Color_Gray
f 517/901/385 518/902/385 519/903/385
f 519/904/386 518/905/386 520/906/386
f 520/907/387 518/908/387 517/909/387 521/910/387
f 521/910/388 517/909/388 519/908/388
f 520/907/389 521/910/389 519/908/389
o entity0_brush72
v -544.000000 -63.999935 864.000000
v -544.000000 -63.999931 912.000000
v -544.000000 -47.999935 864.000000
v -496.000000 -63.999931 912.000000
v -496.000000 -63.999935 864.000000
vn -1.0000 -0.0000 -0.0000
vn -0.0000 0.9487 0.3162
vn -0.0000 -1.0000 -0.0000
vn -0.0000 -0.0000 -1.0000
vn 0.3162 0.9487 -0.0000
vt -0.843750 -0.062500
vt -0.890625 -0.062500
vt -0.843750 -0.046875
vt -0.531250 -0.843750
vt -0.531250 -0.890625
vt -0.484375 -0.890625
vt -0.484375 -0.843750
vt -0.484375 -0.062500
vt -0.531250 -0.062500
vt -0.531250 -0.046875
s 1
usemtl Tiles107_1K-JPG_Color_Gray
f 522/911/390 523/912/390 524/913/390
f 524/914/391 523/915/391 525/916/391
f 525/916/392 523/915/392 522/914/392 526/917/392
f 526/918/393 522/919/393 524/920/393
f 525/916/394 526/917/394 524/914/394
o entity0_brush73
v -1104.000000 -63.999935 864.000000
v -1104.000000 -63.999931 912.000000
v -1056.000000 -47.999935 864.000000
v -1056.000000 -63.999931 912.000000
v -1056.000000 -63.999935 864.000000
vn -0.3162 0.9487 -0.0000
vn -0.0000 0.9487 0.3162
vn -0.0000 -1.0000 -0.0000
vn -0.0000 -0.0000 -1.0000
vn 1.0000 -0.0000 -0.0000
vt -1.078125 -0.843750
vt -1.078125 -0.890625
vt -1.031250 -0.843750
vt -1.031250 -0.890625
vt -1.031250 -0.062500
vt -1.078125 -0.062500
vt -1.031250 -0.046875
vt -0.843750 -0.046875
vt -0.890625 -0.062500
vt -0.843750 -0.062500
s 1
usemtl Tiles107_1K-JPG_Color_Gray
f 527/921/395 528/922/395 529/923/395
f 529/923/396 528/922/396 530/924/396
f 530/924/397 528/922/397 527/921/397 531/923/397
f 531/925/398 527/926/398 529/927/398
f 529/928/399 530/929/399 531/930/399
o entity0_brush74
v -1104.000000 -63.999977 304.000000
v -1104.000000 -63.999973 352.000000
v -1056.000000 -47.999973 352.000000
v -1056.000000 -63.999973 352.000000
v -1056.000000 -63.999977 304.000000
vn -0.3162 0.9487 -0.0000
vn -0.0000 -0.0000 1.0000
vn -0.0000 -1.0000 -0.0000
vn -0.0000 0.9487 -0.3162
vn 1.0000 -0.0000 -0.0000
vt -1.078125 -0.296875
vt -1.078125 -0.343750
vt -1.031250 -0.343750
vt -1.031250 -0.046875
vt -1.078125 -0.062500
vt -1.031250 -0.062500
vt -1.031250 -0.296875
vt -0.343750 -0.046875
vt -0.343750 -0.062500
vt -0.296875 -0.062500
s 1
usemtl Tiles107_1K-JPG_Color_Gray
f 532/931/400 533/932/400 534/933/400
f 534/934/401 533/935/401 535/936/401
f 535/933/402 533/932/402 532/931/402 536/937/402
f 536/937/403 532/931/403 534/933/403
f 534/938/404 535/939/404 536/940/404
o entity0_brush75
v -1056.000000 656.000061 863.999939
v -1104.000000 672.000061 863.999939
v -1104.000000 672.000000 351.999939
v -1056.000000 656.000000 351.999939
v -1056.000000 672.000061 863.999939
v -1056.000000 672.000000 351.999939
vn -0.3162 -0.9487 -0.0000
vn -0.0000 -0.0000 1.0000
vn -0.0000 1.0000 -0.0000
vn -0.0000 -0.0000 -1.0000
vn 1.0000 -0.0000 -0.0000
vt -1.031250 -0.843750
vt -1.078125 -0.843750
vt -1.078125 -0.343750
vt -1.031250 -0.343750
vt -1.031250 0.656250
vt -1.078125 0.656250
vt -1.031250 0.640625
vt -0.343750 0.656250
vt -0.843750 0.656250
vt -0.843750 0.640625
vt -0.343750 0.640625
s 1
usemtl Tiles107_1K-JPG_Color_Gray
f 537/941/405 538/942/405 539/943/405 540/944/405
f 541/945/406 538/946/406 537/947/406
f 542/944/407 539/943/407 538/942/407 541/941/407
f 540/947/408 539/946/408 542/945/408
f 542/948/409 541/949/409 537/950/409 540/951/409
o entity0_brush76
v -1056.000000 656.000000 351.999939
v -1104.000000 672.000000 351.999939
v -1104.000000 672.000000 303.999939
v -1056.000000 672.000000 351.999939
v -1056.000000 672.000000 303.999939
vn -0.3162 -0.9487 -0.0000
vn -0.0000 -0.0000 1.0000
vn -0.0000 1.0000 -0.0000
vn -0.0000 -0.9487 -0.3162
vn 1.0000 -0.0000 -0.0000
vt -1.031250 -0.343750
vt -1.078125 -0.343750
vt -1.078125 -0.296875
vt -1.031250 0.656250
vt -1.078125 0.656250
vt -1.031250 0.640625
vt -1.031250 -0.296875
vt -0.296875 0.656250
vt -0.343750 0.656250
vt -0.343750 0.640625
s 1
usemtl Tiles107_1K-JPG_Color_Gray
f 543/952/410 544/953/410 545/954/410
f 546/955/411 544/956/411 543/957/411
f 547/958/412 545/954/412 544/953/412 546/952/412
f 543/952/413 545/954/413 547/958/413
f 547/959/414 546/960/414 543/961/414
o entity0_brush77
v -1056.000000 656.000000 351.999939
v -1056.000000 672.000000 351.999939
v -1056.000000 672.000000 303.999939
v -544.000000 672.000000 351.999939
v -544.000000 656.000000 351.999939
v -544.000000 672.000000 303.999939
vn -1.0000 -0.0000 -0.0000
vn -0.0000 -0.0000 1.0000
vn -0.0000 1.0000 -0.0000
vn -0.0000 -0.9487 -0.3162
vn 1.0000 -0.0000 -0.0000
vt -0.343750 0.640625
vt -0.343750 0.656250
vt -0.296875 0.656250
vt -0.531250 0.656250
vt -1.031250 0.656250
vt -1.031250 0.640625
vt -0.531250 0.640625
vt -0.531250 -0.296875
vt -1.031250 -0.296875
vt -1.031250 -0.343750
vt -0.531250 -0.343750
s 1
usemtl Tiles107_1K-JPG_Color_Gray
f 548/962/415 549/963/415 550/964/415
f 551/965/416 549/966/416 548/967/416 552/968/416
f 553/969/417 550/970/417 549/971/417 551/972/417
f 552/972/418 548/971/418 550/970/418 553/969/418
f 553/964/419 551/963/419 552/962/419
o entity0_brush78
v -1056.000000 656.000000 351.999939
v -1056.000000 656.000000 383.999939
v -1056.000000 688.000000 383.999939
v -1056.000000 688.000000 351.999939
v -544.000000 688.000000 383.999939
v -544.000000 656.000000 383.999939
v -544.000000 656.000000 351.999939
v -544.000000 688.000000 351.999939
vn -1.0000 -0.0000 -0.0000
vn -0.0000 -0.0000 1.0000
vn -0.0000 -1.0000 -0.0000
vn -0.0000 1.0000 -0.0000
vn -0.0000 -0.0000 -1.0000
vn 1.0000 -0.0000 -0.0000
vt -0.343750 0.640625
vt -0.375000 0.640625
vt -0.375000 0.671875
vt -0.343750 0.671875
vt -0.531250 0.671875
vt -1.031250 0.671875
vt -1.031250 0.640625
vt -0.531250 0.640625
vt -0.531250 -0.375000
vt -1.031250 -0.375000
vt -1.031250 -0.343750
vt -0.531250 -0.343750
s 1
usemtl Tiles107_1K-JPG_Color_Gray
f 554/973/420 555/974/420 556/975/420 557/976/420
f 558/977/421 556/978/421 555/979/421 559/980/421
f 559/981/422 555/982/422 554/983/422 560/984/422
f 561/984/423 557/983/423 556/982/423 558/981/423
f 560/980/424 554/979/424 557/978/424 561/977/424
f 561/976/425 558/975/425 559/974/425 560/973/425
o entity0_brush79
v -1056.000000 656.000000 383.999939
v -1056.000000 656.000061 831.999939
v -1056.000000 688.000061 831.999939
v -1056.000000 688.000000 383.999939
v -1024.000000 688.000061 831.999939
v -1024.000000 656.000061 831.999939
v -1024.000000 656.000000 383.999939
v -1024.000000 688.000000 383.999939
vn -1.0000 -0.0000 -0.0000
vn -0.0000 -0.0000 1.0000
vn -0.0000 -1.0000 -0.0000
vn -0.0000 1.0000 -0.0000
vn -0.0000 -0.0000 -1.0000
vn 1.0000 -0.0000 -0.0000
vt -0.375000 0.640625
vt -0.812500 0.640625
vt -0.812500 0.671875
vt -0.375000 0.671875
vt -1.000000 0.671875
vt -1.031250 0.671875
vt -1.031250 0.640625
vt -1.000000 0.640625
vt -1.000000 -0.812500
vt -1.031250 -0.812500
vt -1.031250 -0.375000
vt -1.000000 -0.375000
s 1
usemtl Tiles107_1K-JPG_Color_Gray
f 562/985/426 563/986/426 564/987/426 565/988/426
f 566/989/427 564/990/427 563/991/427 567/992/427
f 567/993/428 563/994/428 562/995/428 568/996/428
f 569/996/429 565/995/429 564/994/429 566/993/429
f 568/992/430 562/991/430 565/990/430 569/989/430
f 569/988/431 566/987/431 567/986/431 568/985/431
o entity0_brush8
v 224.000000 -800.000244 -3424.000000
v 224.000000 -800.000000 -351.999939
v 224.000000 -544.000000 -351.999969
v 224.000000 -544.000244 -3424.000000
v 256.000000 -544.000000 -351.999969
v 256.000000 -800.000000 -351.999939
v 256.000000 -800.000244 -3424.000000
v 256.000000 -544.000244 -3424.000000
vn -1.0000 -0.0000 -0.0000
vn -0.0000 -0.0000 1.0000
vn -0.0000 -1.0000 -0.0000
vn -0.0000 1.0000 -0.0000
vn -0.0000 -0.0000 -1.0000
vn 1.0000 -0.0000 -0.0000
vt 5.000000 -2.000000
vt 1.000000 -2.000000
vt 1.000000 -1.375000
vt 5.000000 -1.375000
vt 0.531250 -1.375000
vt 0.500000 -1.375000
vt 0.500000 -2.000000
vt 0.531250 -2.000000
vt 0.531250 1.000000
vt 0.500000 1.000000
vt 0.500000 5.000000
vt 0.531250 5.000000
s 1
usemtl Tiles107_1K-JPG_Color_Gray
f 570/997/432 571/998/432 572/999/432 573/1000/432
f 574/1001/433 572/1002/433 571/1003/433 575/1004/433
f 575/1005/434 571/1006/434 570/1007/434 576/1008/434
f 577/1008/435 573/1007/435 572/1006/435 574/1005/435
f 576/1004/436 570/1003/436 573/1002/436 577/1001/436
f 577/1000/437 574/999/437 575/998/437 576/997/437
o entity0_brush80
v -576.000000 656.000000 383.999939
v -576.000000 656.000061 831.999939
v -576.000000 688.000061 831.999939
v -576.000000 688.000000 383.999939
v -544.000000 688.000061 831.999939
v -544.000000 656.000061 831.999939
v -544.000000 656.000000 383.999939
v -544.000000 688.000000 383.999939
vn -1.0000 -0.0000 -0.0000
vn -0.0000 -0.0000 1.0000
vn -0.0000 -1.0000 -0.0000
vn -0.0000 1.0000 -0.0000
vn -0.0000 -0.0000 -1.0000
vn 1.0000 -0.0000 -0.0000
vt -0.375000 0.640625
vt -0.812500 0.640625
vt -0.812500 0.671875
vt -0.375000 0.671875
vt -0.531250 0.671875
vt -0.562500 0.671875
vt -0.562500 0.640625
vt -0.531250 0.640625
vt -0.531250 -0.812500
vt -0.562500 -0.812500
vt -0.562500 -0.375000
vt -0.531250 -0.375000
s 1
usemtl Tiles107_1K-JPG_Color_Gray
f 578/1009/438 579/1010/438 580/1011/438 581/1012/438
f 582/1013/439 580/1014/439 579/1015/439 583/1016/439
f 583/1017/440 579/1018/440 578/1019/440 584/1020/440
f 585/1020/441 581/1019/441 580/1018/441 582/1017/441
f 584/1016/442 578/1015/442 581/1014/442 585/1013/442
f 585/1012/443 582/1011/443 583/1010/443 584/1009/443
o entity0_brush81
v -544.000000 656.000061 863.999939
v -544.000000 672.017944 863.999939
v -544.000000 672.017883 351.999939
v -544.000000 656.000000 351.999939
v -496.000000 672.017883 351.999939
v -496.000000 672.017944 863.999939
vn -1.0000 -0.0000 -0.0000
vn -0.0000 1.0000 -0.0000
vn -0.0000 -0.0000 1.0000
vn -0.0000 -0.0000 -1.0000
vn 0.3165 -0.9486 -0.0000
vt -0.843750 0.640625
vt -0.843750 0.656267
vt -0.343750 0.656267
vt -0.343750 0.640625
vt -0.484375 -0.343750
vt -0.531250 -0.343750
vt -0.531250 -0.843750
vt -0.484375 -0.843750
vt -0.484375 0.656267
vt -0.531250 0.656267
vt -0.531250 0.640625
s 1
usemtl Tiles107_1K-JPG_Color_Gray
f 586/1021/444 587/1022/444 588/1023/444 589/1024/444
f 590/1025/445 588/1026/445 587/1027/445 591/1028/445
f 591/1029/446 587/1030/446 586/1031/446
f 589/1031/447 588/1030/447 590/1029/447
f 591/1028/448 586/1027/448 589/1026/448 590/1025/448
o entity0_brush82
v -1056.000000 656.000061 831.999939
v -1056.000000 656.000061 863.999939
v -1056.000000 688.000061 863.999939
v -1056.000000 688.000061 831.999939
v -544.000000 688.000061 863.999939
v -544.000000 656.000061 863.999939
v -544.000000 656.000061 831.999939
v -544.000000 688.000061 831.999939
vn -1.0000 -0.0000 -0.0000
vn -0.0000 -0.0000 1.0000
vn -0.0000 -1.0000 -0.0000
vn -0.0000 1.0000 -0.0000
vn -0.0000 -0.0000 -1.0000
vn 1.0000 -0.0000 -0.0000
vt -0.812500 0.640625
vt -0.843750 0.640625
vt -0.843750 0.671875
vt -0.812500 0.671875
vt -0.531250 0.671875
vt -1.031250 0.671875
vt -1.031250 0.640625
vt -0.531250 0.640625
vt -0.531250 -0.843750
vt -1.031250 -0.843750
vt -1.031250 -0.812500
vt -0.531250 -0.812500
s 1
usemtl Tiles107_1K-JPG_Color_Gray
f 592/1032/449 593/1033/449 594/1034/449 595/1035/449
f 596/1036/450 594/1037/450 593/1038/450 597/1039/450
f 597/1040/451 593/1041/451 592/1042/451 598/1043/451
f 599/1043/452 595/1042/452 594/1041/452 596/1040/452
f 598/1039/453 592/1038/453 595/1037/453 599/1036/453
f 599/1035/454 596/1034/454 597/1033/454 598/1032/454
o entity0_brush83
v -1056.000000 656.000061 863.999939
v -1056.000000 672.000061 911.999939
v -1056.000000 672.000061 863.999939
v -544.000000 672.000061 911.999939
v -544.000000 656.000061 863.999939
v -544.000000 672.000061 863.999939
vn -1.0000 -0.0000 -0.0000
vn -0.0000 -0.9487 0.3162
vn -0.0000 1.0000 -0.0000
vn -0.0000 -0.0000 -1.0000
vn 1.0000 -0.0000 -0.0000
vt -0.843750 0.640625
vt -0.890625 0.656250
vt -0.843750 0.656250
vt -0.531250 -0.890625
vt -1.031250 -0.890625
vt -1.031250 -0.843750
vt -0.531250 -0.843750
vt -0.531250 0.640625
vt -1.031250 0.640625
vt -1.031250 0.656250
vt -0.531250 0.656250
s 1
usemtl Tiles107_1K-JPG_Color_Gray
f 600/1044/455 601/1045/455 602/1046/455
f 603/1047/456 601/1048/456 600/1049/456 604/1050/456
f 605/1050/457 602/1049/457 601/1048/457 603/1047/457
f 604/1051/458 600/1052/458 602/1053/458 605/1054/458
f 603/1045/459 604/1044/459 605/1046/459
o entity0_brush84
v -544.000000 656.000061 863.999939
v -544.000000 672.000061 911.999939
v -544.000000 672.000061 863.999939
v -496.000000 672.000061 911.999939
v -496.000000 672.000061 863.999939
vn -1.0000 -0.0000 -0.0000
vn -0.0000 -0.9487 0.3162
vn -0.0000 1.0000 -0.0000
vn -0.0000 -0.0000 -1.0000
vn 0.3162 -0.9487 -0.0000
vt -0.843750 0.640625
vt -0.890625 0.656250
vt -0.843750 0.656250
vt -0.484375 -0.890625
vt -0.531250 -0.890625
vt -0.531250 -0.843750
vt -0.484375 -0.843750
vt -0.531250 0.640625
vt -0.531250 0.656250
vt -0.484375 0.656250
s 1
usemtl Tiles107_1K-JPG_Color_Gray
f 606/1055/460 607/1056/460 608/1057/460
f 609/1058/461 607/1059/461 606/1060/461
f 610/1061/462 608/1060/462 607/1059/462 609/1058/462
f 606/1062/463 608/1063/463 610/1064/463
f 609/1058/464 606/1060/464 610/1061/464
o entity0_brush85
v -1056.000000 656.000061 863.999939
v -1104.000000 672.000061 911.999939
v -1104.000000 672.000061 863.999939
v -1056.000000 672.000061 911.999939
v -1056.000000 672.000061 863.999939
vn -0.3162 -0.9487 -0.0000
vn -0.0000 -0.9487 0.3162
vn -0.0000 1.0000 -0.0000
vn -0.0000 -0.0000 -1.0000
vn 1.0000 -0.0000 -0.0000
vt -1.031250 -0.843750
vt -1.078125 -0.890625
vt -1.078125 -0.843750
vt -1.031250 -0.890625
vt -1.031250 0.640625
vt -1.078125 0.656250
vt -1.031250 0.656250
vt -0.890625 0.656250
vt -0.843750 0.640625
vt -0.843750 0.656250
s 1
usemtl Tiles107_1K-JPG_Color_Gray
f 611/1065/465 612/1066/465 613/1067/465
f 614/1068/466 612/1066/466 611/1065/466
f 615/1065/467 613/1067/467 612/1066/467 614/1068/467
f 611/1069/468 613/1070/468 615/1071/468
f 614/1072/469 611/1073/469 615/1074/469
o entity0_brush86
v -544.000000 656.000000 351.999939
v -544.000000 672.000000 351.999939
v -544.000000 672.000000 303.999939
v -496.000000 672.000000 351.999939
v -496.000000 672.000000 303.999939
vn -1.0000 -0.0000 -0.0000
vn -0.0000 -0.0000 1.0000
vn -0.0000 1.0000 -0.0000
vn -0.0000 -0.9487 -0.3162
vn 0.3162 -0.9487 -0.0000
vt -0.343750 0.640625
vt -0.343750 0.656250
vt -0.296875 0.656250
vt -0.484375 0.656250
vt -0.531250 0.656250
vt -0.531250 0.640625
vt -0.484375 -0.296875
vt -0.531250 -0.296875
vt -0.531250 -0.343750
vt -0.484375 -0.343750
s 1
usemtl Tiles107_1K-JPG_Color_Gray
f 616/1075/470 617/1076/470 618/1077/470
f 619/1078/471 617/1079/471 616/1080/471
f 620/1081/472 618/1082/472 617/1083/472 619/1084/472
f 616/1083/473 618/1082/473 620/1081/473
f 620/1081/474 619/1084/474 616/1083/474
o entity0_brush9
v 1248.000000 -800.000244 -3424.000000
v 1248.000000 -800.000000 -383.999939
v 1248.000000 672.000000 -384.000061
v 1248.000000 671.999756 -3424.000000
v 1279.666626 672.000000 -384.000061
v 1279.666626 -800.000000 -383.999939
v 1279.666626 -800.000244 -3424.000000
v 1279.666626 671.999756 -3424.000000
vn -1.0000 -0.0000 -0.0000
vn -0.0000 -0.0000 1.0000
vn -0.0000 -1.0000 -0.0000
vn -0.0000 1.0000 -0.0000
vn -0.0000 -0.0000 -1.0000
vn 1.0000 -0.0000 -0.0000
vt 5.000000 -1.000000
vt 1.041667 -1.000000
vt 1.041667 -0.298780
vt 5.000000 -0.298780
vt 0.530924 -0.298780
vt 0.500000 -0.298780
vt 0.500000 -1.000000
vt 0.530924 -1.000000
vt 0.530924 1.041667
vt 0.500000 1.041667
vt 0.500000 5.000000
vt 0.530924 5.000000
s 1
usemtl Tiles107_1K-JPG_Color_Gray
f 621/1085/475 622/1086/475 623/1087/475 624/1088/475
f 625/1089/476 623/1090/476 622/1091/476 626/1092/476
f 626/1093/477 622/1094/477 621/1095/477 627/1096/477
f 628/1096/478 624/1095/478 623/1094/478 625/1093/478
f 627/1092/479 621/1091/479 624/1090/479 628/1089/479
f 628/1088/480 625/1087/480 626/1086/480 627/1085/480
o entity2_brush0
v -256.000000 -32.000076 -1024.000000
v -256.000000 -31.999922 1024.000000
v -256.000000 0.000077 1024.000000
v -256.000000 -0.000077 -1024.000000
v 256.000000 0.000077 1024.000000
v 256.000000 -31.999922 1024.000000
v 256.000000 -32.000076 -1024.000000
v 256.000000 -0.000077 -1024.000000
vn -1.0000 -0.0000 -0.0000
vn -0.0000 -0.0000 1.0000
vn -0.0000 -1.0000 -0.0000
vn -0.0000 1.0000 -0.0000
vn -0.0000 -0.0000 -1.0000
vn 1.0000 -0.0000 -0.0000
vt 0.062500 -0.015625
vt -0.062500 -0.015625
vt -0.062500 0.015625
vt 0.062500 0.015625
vt 0.062500 -0.062500
vt -0.062500 -0.062500
vt -0.062500 0.062500
vt 0.062500 0.062500
s 1
usemtl Tiles107_1K-JPG_Color_Gray
f 629/1097/481 630/1098/481 631/1099/481 632/1100/481
f 633/1100/482 631/1099/482 630/1098/482 634/1097/482
f 634/1101/483 630/1102/483 629/1103/483 635/1104/483
f 636/1104/484 632/1103/484 631/1102/484 633/1101/484
f 635/1097/485 629/1098/485 632/1099/485 636/1100/485
f 636/1100/486 633/1099/486 634/1098/486 635/1097/486
o entity2_black1
v -224.000000 0.000042 560.000000
v -224.000000 0.000043 576.000000
v -224.000000 32.000042 576.000000
v -224.000000 32.000042 560.000000
v 224.000000 32.000042 576.000000
v 224.000000 0.000043 576.000000
v 224.000000 0.000042 560.000000
v 224.000000 32.000042 560.000000
vn -1.0000 -0.0000 -0.0000
vn -0.0000 -0.0000 1.0000
vn -0.0000 -1.0000 -0.0000
vn -0.0000 1.0000 -0.0000
vn -0.0000 -0.0000 -1.0000
vn 1.0000 -0.0000 -0.0000
vt -0.671875 0.500000
vt -0.687500 0.500000
vt -0.687500 0.515625
vt -0.671875 0.515625
vt 0.218750 0.515625
vt -0.218750 0.515625
vt -0.218750 0.500000
vt 0.218750 0.500000
vt 0.218750 -0.687500
vt -0.218750 -0.687500
vt -0.218750 -0.671875
vt 0.218750 -0.671875
s 1
usemtl Tiles107_1K-JPG_Color_Gray
f 637/1105/487 638/1106/487 639/1107/487 640/1108/487
f 641/1109/488 639/1110/488 638/1111/488 642/1112/488
f 642/1113/489 638/1114/489 637/1115/489 643/1116/489
f 644/1116/490 640/1115/490 639/1114/490 641/1113/490
f 643/1112/491 637/1111/491 640/1110/491 644/1109/491
f 644/1108/492 641/1107/492 642/1106/492 643/1105/492
o entity2_black2
v -224.000000 0.000004 48.000000
v -224.000000 0.000012 160.000000
v -224.000000 32.000011 160.000000
v -224.000000 32.000004 47.999996
v 224.000000 32.000011 160.000000
v 224.000000 0.000012 160.000000
v 224.000000 0.000004 48.000000
v 224.000000 32.000004 47.999996
vn -1.0000 -0.0000 -0.0000
vn -0.0000 -0.0000 1.0000
vn -0.0000 -1.0000 -0.0000
vn -0.0000 1.0000 -0.0000
vn -0.0000 -0.0000 -1.0000
vn 1.0000 -0.0000 -0.0000
vt -0.421875 -0.031250
vt -0.443750 -0.031250
vt -0.443750 -0.015625
vt -0.421875 -0.015625
vt 0.218750 -0.015625
vt -0.218750 -0.015625
vt -0.218750 -0.031250
vt 0.218750 -0.031250
vt 0.218750 -0.443750
vt -0.218750 -0.443750
vt -0.218750 -0.421875
vt 0.218750 -0.421875
s 1
usemtl Tiles107_1K-JPG_Color_Gray
f 645/1117/493 646/1118/493 647/1119/493 648/1120/493
f 649/1121/494 647/1122/494 646/1123/494 650/1124/494
f 650/1125/495 646/1126/495 645/1127/495 651/1128/495
f 652/1128/496 648/1127/496 647/1126/496 649/1125/496
f 651/1124/497 645/1123/497 648/1122/497 652/1121/497
f 652/1120/498 649/1119/498 650/1118/498 651/1117/498
o entity2_black3
v -224.000000 -0.000005 -64.000000
v -224.000000 0.000004 48.000000
v -224.000000 64.000000 47.999996
v -224.000000 63.999996 -64.000008
v 224.000000 64.000000 47.999996
v 224.000000 0.000004 48.000000
v 224.000000 -0.000005 -64.000000
v 224.000000 63.999996 -64.000008
vn -1.0000 -0.0000 -0.0000
vn -0.0000 -0.0000 1.0000
vn -0.0000 -1.0000 -0.0000
vn -0.0000 1.0000 -0.0000
vn -0.0000 -0.0000 -1.0000
vn 1.0000 -0.0000 -0.0000
vt -0.415625 -0.031250
vt -0.437500 -0.031250
vt -0.437500 -0.015625
vt -0.415625 -0.015625
vt 0.218750 -0.015625
vt -0.218750 -0.015625
vt -0.218750 -0.031250
vt 0.218750 -0.031250
vt 0.218750 -0.437500
vt -0.218750 -0.437500
vt -0.218750 -0.415625
vt 0.218750 -0.415625
s 1
usemtl Tiles107_1K-JPG_Color_Gray
f 653/1129/499 654/1130/499 655/1131/499 656/1132/499
f 657/1133/500 655/1134/500 654/1135/500 658/1136/500
f 658/1137/501 654/1138/501 653/1139/501 659/1140/501
f 660/1140/502 656/1139/502 655/1138/502 657/1137/502
f 659/1136/503 653/1135/503 656/1134/503 660/1133/503
f 660/1132/504 657/1131/504 658/1130/504 659/1129/504
o entity2_black4
v -224.000000 -0.000053 -704.000000
v -224.000000 -0.000034 -448.000000
v -224.000000 127.999947 -704.000000
v 224.000000 127.999947 -704.000000
v 224.000000 -0.000034 -448.000000
v 224.000000 -0.000053 -704.000000
vn -1.0000 -0.0000 -0.0000
vn -0.0000 0.8944 0.4472
vn -0.0000 -1.0000 -0.0000
vn -0.0000 -0.0000 -1.0000
vn 1.0000 -0.0000 -0.0000
vt -0.062500 -0.031250
vt -0.187500 -0.031250
vt -0.062500 -0.000000
vt 0.218750 0.031250
vt -0.218750 0.031250
vt -0.218750 -0.031250
vt 0.218750 -0.031250
vt 0.218750 -0.187500
vt -0.218750 -0.187500
vt -0.218750 -0.062500
vt 0.218750 -0.062500
vt -0.218750 -0.000000
vt 0.218750 -0.000000
s 1
usemtl Tiles107_1K-JPG_Color_Gray
f 661/1141/505 662/1142/505 663/1143/505
f 664/1144/506 663/1145/506 662/1146/506 665/1147/506
f 665/1148/507 662/1149/507 661/1150/507 666/1151/507
f 666/1147/508 661/1146/508 663/1152/508 664/1153/508
f 665/1142/509 666/1141/509 664/1143/509
o entity2_black5
v -224.000000 -0.000059 -784.000000
v -224.000000 -0.000053 -704.000000
v -224.000000 127.999947 -704.000000
v 224.000000 127.999947 -704.000000
v 224.000000 -0.000053 -704.000000
v 224.000000 -0.000059 -784.000000
vn -1.0000 -0.0000 -0.0000
vn -0.0000 -0.0000 1.0000
vn -0.0000 -1.0000 -0.0000
vn -0.0000 0.5300 -0.8480
vn 1.0000 -0.0000 -0.0000
vt -0.023438 -0.031250
vt -0.062500 -0.031250
vt -0.062500 -0.000000
vt 0.218750 -0.000000
vt -0.218750 -0.000000
vt -0.218750 -0.031250
vt 0.218750 -0.031250
vt 0.218750 -0.062500
vt -0.218750 -0.062500
vt -0.218750 -0.023438
vt 0.218750 -0.023438
vt 0.218750 -0.140625
vt -0.218750 -0.140625
vt -0.218750 -0.109375
vt 0.218750 -0.109375
s 1
usemtl Tiles107_1K-JPG_Color_Gray
f 667/1154/510 668/1155/510 669/1156/510
f 670/1157/511 669/1158/511 668/1159/511 671/1160/511
f 671/1161/512 668/1162/512 667/1163/512 672/1164/512
f 672/1165/513 667/1166/513 669/1167/513 670/1168/513
f 671/1155/514 672/1154/514 670/1156/514
o entity3_brush0
v -224.000000 -512.000061 -1023.999939
v -224.000000 -512.000000 -63.999962
v -224.000000 -192.000076 -1024.000000
v -128.000000 -192.000076 -1024.000000
v -128.000000 -512.000000 -63.999962
v -128.000000 -512.000061 -1023.999939
vn -1.0000 -0.0000 -0.0000
vn -0.0000 0.9487 0.3162
vn -0.0000 -1.0000 -0.0000
vn -0.0000 -0.0000 -1.0000
vn 1.0000 -0.0000 -0.0000
vt -0.062500 -0.031250
vt -0.187500 -0.031250
vt -0.062500 -0.000000
vt -0.031250 0.031250
vt -0.218750 0.031250
vt -0.218750 -0.031250
vt -0.031250 -0.031250
vt -0.031250 -0.187500
vt -0.218750 -0.187500
vt -0.218750 -0.062500
vt -0.031250 -0.062500
vt -0.218750 -0.000000
vt -0.031250 -0.000000
s 1
usemtl Tiles107_1K-JPG_Color_Gray
f 673/1169/515 674/1170/515 675/1171/515
f 676/1172/516 675/1173/516 674/1174/516 677/1175/516
f 677/1176/517 674/1177/517 673/1178/517 678/1179/517
f 678/1175/518 673/1174/518 675/1180/518 676/1181/518
f 677/1170/519 678/1169/519 676/1171/519
o entity3_brush1
v -96.000000 -32.000099 -1312.000000
v -96.000000 -32.000084 -1120.000000
v -96.000000 -0.000085 -1120.000000
v -96.000000 -0.000099 -1312.000000
v 96.000000 -0.000085 -1120.000000
v 96.000000 -32.000084 -1120.000000
v 96.000000 -32.000099 -1312.000000
v 96.000000 -0.000099 -1312.000000
vn -1.0000 -0.0000 -0.0000
vn -0.0000 -0.0000 1.0000
vn -0.0000 -1.0000 -0.0000
vn -0.0000 1.0000 -0.0000
vn -0.0000 -0.0000 -1.0000
vn 1.0000 -0.0000 -0.0000
vt 0.304688 -0.031250
vt 0.257812 -0.031250
vt 0.257812 -0.000000
vt 0.304688 -0.000000
vt 0.023438 -0.000000
vt -0.023438 -0.000000
vt -0.023438 -0.031250
vt 0.023438 -0.031250
vt 0.023438 0.257812
vt -0.023438 0.257812
vt -0.023438 0.304688
vt 0.023438 0.304688
s 1
usemtl Tiles108_1K-JPG_Color
f 679/1182/520 680/1183/520 681/1184/520 682/1185/520
f 683/1186/521 681/1187/521 680/1188/521 684/1189/521
f 684/1190/522 680/1191/522 679/1192/522 685/1193/522
f 686/1193/523 682/1192/523 681/1191/523 683/1190/523
f 685/1189/524 679/1188/524 682/1187/524 686/1186/524
f 686/1185/525 683/1184/525 684/1183/525 685/1182/525
o entity3_brush10
v 48.000000 -512.000183 -2320.000000
v 48.000000 -512.000183 -2288.000000
v 48.000000 -192.000168 -2288.000000
v 48.000000 -192.000168 -2320.000000
v 80.000000 -192.000168 -2288.000000
v 80.000000 -512.000183 -2288.000000
v 80.000000 -512.000183 -2320.000000
v 80.000000 -192.000168 -2320.000000
vn -1.0000 -0.0000 -0.0000
vn -0.0000 -0.0000 1.0000
vn -0.0000 -1.0000 -0.0000
vn -0.0000 1.0000 -0.0000
vn -0.0000 -0.0000 -1.0000
vn 1.0000 -0.0000 -0.0000
vt 2.203125 -0.500000
vt 2.171875 -0.500000
vt 2.171875 -0.187500
vt 2.203125 -0.187500
vt -0.046875 -0.187500
vt -0.078125 -0.187500
vt -0.078125 -0.500000
vt -0.046875 -0.500000
vt -0.046875 2.171875
vt -0.078125 2.171875
vt -0.078125 2.203125
vt -0.046875 2.203125
s 1
usemtl Tiles108_1K-JPG_Color
f 687/1194/526 688/1195/526 689/1196/526 690/1197/526
f 691/1198/527 689/1199/527 688/1200/527 692/1201/527
f 692/1202/528 688/1203/528 687/1204/528 693/1205/528
f 694/1205/529 690/1204/529 689/1203/529 691/1202/529
f 693/1201/530 687/1200/530 690/1199/530 694/1198/530
f 694/1197/531 691/1196/531 692/1195/531 693/1194/531
o entity3_brush11
v 0.000000 -192.000183 -2368.000000
v 0.000000 -192.000168 -2240.000000
v 0.000000 -160.000168 -2240.000000
v 0.000000 -160.000183 -2368.000000
v 128.000000 -160.000168 -2240.000000
v 128.000000 -192.000168 -2240.000000
v 128.000000 -192.000183 -2368.000000
v 128.000000 -160.000183 -2368.000000
vn -1.0000 -0.0000 -0.0000
vn -0.0000 -0.0000 1.0000
vn -0.0000 -1.0000 -0.0000
vn -0.0000 1.0000 -0.0000
vn -0.0000 -0.0000 -1.0000
vn 1.0000 -0.0000 -0.0000
vt 0.484375 -0.031250
vt 0.453125 -0.031250
vt 0.453125 -0.000000
vt 0.484375 -0.000000
vt 0.000000 -0.000000
vt -0.031250 -0.000000
vt -0.031250 -0.031250
vt 0.000000 -0.031250
vt 0.000000 0.453125
vt -0.031250 0.453125
vt -0.031250 0.484375
vt 0.000000 0.484375
s 1
usemtl Tiles108_1K-JPG_Color
f 695/1206/532 696/1207/532 697/1208/532 698/1209/532
f 699/1210/533 697/1211/533 696/1212/533 700/1213/533
f 700/1214/534 696/1215/534 695/1216/534 701/1217/534
f 702/1217/535 698/1216/535 697/1215/535 699/1214/535
f 701/1213/536 695/1212/536 698/1211/536 702/1210/536
f 702/1209/537 699/1208/537 700/1207/537 701/1206/537
o entity3_black12
v -224.000000 -512.000244 -3072.000000
v -224.000000 -512.000183 -2816.000000
v -224.000000 -320.000214 -2816.000000
v -224.000000 -320.000244 -3072.000000
v 0.000000 -320.000214 -2816.000000
v 0.000000 -512.000183 -2816.000000
v 0.000000 -512.000244 -3072.000000
v 0.000000 -320.000244 -3072.000000
vn -1.0000 -0.0000 -0.0000
vn -0.0000 -0.0000 1.0000
vn -0.0000 -1.0000 -0.0000
vn -0.0000 1.0000 -0.0000
vn -0.0000 -0.0000 -1.0000
vn 1.0000 -0.0000 -0.0000
vt 1.750000 -0.031250
vt 1.625000 -0.031250
vt 1.625000 0.000000
vt 1.750000 0.000000
vt 0.218750 0.000000
vt -0.218750 0.000000
vt -0.218750 -0.031250
vt 0.218750 -0.031250
vt 0.218750 1.625000
vt -0.218750 1.625000
vt -0.218750 1.750000
vt 0.218750 1.750000
s 1
usemtl Tiles108_1K-JPG_Color
f 703/1218/538 704/1219/538 705/1220/538 706/1221/538
f 707/1222/539 705/1223/539 704/1224/539 708/1225/539
f 708/1226/540 704/1227/540 703/1228/540 709/1229/540
f 710/1229/541 706/1228/541 705/1227/541 707/1226/541
f 709/1225/542 703/1224/542 706/1223/542 710/1222/542
f 710/1221/543 707/1220/543 708/1219/543 709/1218/543
o entity3_black13
v 0.000000 -512.000244 -3072.000000
v 0.000000 -512.000183 -2816.000000
v 0.000000 -64.000214 -2816.000000
v 0.000000 -64.000229 -3072.000000
v 224.000000 -64.000214 -2816.000000
v 224.000000 -512.000183 -2816.000000
v 224.000000 -512.000244 -3072.000000
v 224.000000 -64.000229 -3072.000000
vn -1.0000 -0.0000 -0.0000
vn -0.0000 -0.0000 1.0000
vn -0.0000 -1.0000 -0.0000
vn -0.0000 1.0000 -0.0000
vn -0.0000 -0.0000 -1.0000
vn 1.0000 -0.0000 -0.0000
vt 1.750000 -0.031250
vt 1.625000 -0.031250
vt 1.625000 -0.000000
vt 1.750000 -0.000000
vt 0.218750 -0.000000
vt -0.218750 -0.000000
vt -0.218750 -0.031250
vt 0.218750 -0.031250
vt 0.218750 1.625000
vt -0.218750 1.625000
vt -0.218750 1.750000
vt 0.218750 1.750000
s 1
usemtl Tiles108_1K-JPG_Color
f 711/1230/544 712/1231/544 713/1232/544 714/1233/544
f 715/1234/545 713/1235/545 712/1236/545 716/1237/545
f 716/1238/546 712/1239/546 711/1240/546 717/1241/546
f 718/1241/547 714/1240/547 713/1239/547 715/1238/547
f 717/1237/548 711/1236/548 714/1235/548 718/1234/548
f 718/1233/549 715/1232/549 716/1231/549 717/1230/549
o entity3_brush14
v 0.000000 -128.000214 -2752.000000
v 0.000000 -128.000198 -2624.000000
v 0.000000 -96.000198 -2624.000000
v 0.000000 -96.000206 -2752.000000
v 128.000000 -96.000198 -2624.000000
v 128.000000 -128.000198 -2624.000000
v 128.000000 -128.000214 -2752.000000
v 128.000000 -96.000206 -2752.000000
vn -1.0000 -0.0000 -0.0000
vn -0.0000 -0.0000 1.0000
vn -0.0000 -1.0000 -0.0000
vn -0.0000 1.0000 -0.0000
vn -0.0000 -0.0000 -1.0000
vn 1.0000 -0.0000 -0.0000
vt 0.484375 -0.031250
vt 0.453125 -0.031250
vt 0.453125 -0.000000
vt 0.484375 -0.000000
vt 0.000000 -0.000000
vt -0.031250 -0.000000
vt -0.031250 -0.031250
vt 0.000000 -0.031250
vt 0.000000 0.453125
vt -0.031250 0.453125
vt -0.031250 0.484375
vt 0.000000 0.484375
s 1
usemtl Tiles108_1K-JPG_Color
f 719/1242/550 720/1243/550 721/1244/550 722/1245/550
f 723/1246/551 721/1247/551 720/1248/551 724/1249/551
f 724/1250/552 720/1251/552 719/1252/552 725/1253/552
f 726/1253/553 722/1252/553 721/1251/553 723/1250/553
f 725/1249/554 719/1248/554 722/1247/554 726/1246/554
f 726/1245/555 723/1244/555 724/1243/555 725/1242/555
o entity3_brush15
v 48.000000 -512.000183 -2704.000000
v 48.000000 -512.000183 -2672.000000
v 48.000000 -128.000198 -2672.000000
v 48.000000 -128.000198 -2704.000000
v 80.000000 -128.000198 -2672.000000
v 80.000000 -512.000183 -2672.000000
v 80.000000 -512.000183 -2704.000000
v 80.000000 -128.000198 -2704.000000
vn -1.0000 -0.0000 -0.0000
vn -0.0000 -0.0000 1.0000
vn -0.0000 -1.0000 -0.0000
vn -0.0000 1.0000 -0.0000
vn -0.0000 -0.0000 -1.0000
vn 1.0000 -0.0000 -0.0000
vt 2.203125 -0.500000
vt 2.171875 -0.500000
vt 2.171875 -0.187500
vt 2.203125 -0.187500
vt -0.046875 -0.187500
vt -0.078125 -0.187500
vt -0.078125 -0.500000
vt -0.046875 -0.500000
vt -0.046875 2.171875
vt -0.078125 2.171875
vt -0.078125 2.203125
vt -0.046875 2.203125
s 1
usemtl Tiles108_1K-JPG_Color
f 727/1254/556 728/1255/556 729/1256/556 730/1257/556
f 731/1258/557 729/1259/557 728/1260/557 732/1261/557
f 732/1262/558 728/1263/558 727/1264/558 733/1265/558
f 734/1265/559 730/1264/559 729/1263/559 731/1262/559
f 733/1261/560 727/1260/560 730/1259/560 734/1258/560
f 734/1257/561 731/1256/561 732/1255/561 733/1254/561
o entity3_black16
v -224.000000 -96.000229 -3072.000000
v -224.000000 -96.000214 -2816.000000
v -224.000000 -64.000214 -2816.000000
v -224.000000 -64.000229 -3072.000000
v 0.000000 -64.000214 -2816.000000
v 0.000000 -96.000214 -2816.000000
v 0.000000 -96.000229 -3072.000000
v 0.000000 -64.000229 -3072.000000
vn -1.0000 -0.0000 -0.0000
vn -0.0000 -0.0000 1.0000
vn -0.0000 -1.0000 -0.0000
vn -0.0000 1.0000 -0.0000
vn -0.0000 -0.0000 -1.0000
vn 1.0000 -0.0000 -0.0000
vt 1.750000 -0.031250
vt 1.625000 -0.031250
vt 1.625000 -0.000000
vt 1.750000 -0.000000
vt 0.218750 -0.000000
vt -0.218750 -0.000000
vt -0.218750 -0.031250
vt 0.218750 -0.031250
vt 0.218750 1.625000
vt -0.218750 1.625000
vt -0.218750 1.750000
vt 0.218750 1.750000
s 1
usemtl Tiles108_1K-JPG_Color
f 735/1266/562 736/1267/562 737/1268/562 738/1269/562
f 739/1270/563 737/1271/563 736/1272/563 740/1273/563
f 740/1274/564 736/1275/564 735/1276/564 741/1277/564
f 742/1277/565 738/1276/565 737/1275/565 739/1274/565
f 741/1273/566 735/1272/566 738/1271/566 742/1270/566
f 742/1269/567 739/1268/567 740/1267/567 741/1266/567
o entity3_brush17
v -96.000000 -32.000118 -1568.000000
v -96.000000 -32.000103 -1376.000000
v -96.000000 -0.000104 -1376.000000
v -96.000000 -0.000118 -1568.000000
v 96.000000 -0.000104 -1376.000000
v 96.000000 -32.000103 -1376.000000
v 96.000000 -32.000118 -1568.000000
v 96.000000 -0.000118 -1568.000000
vn -1.0000 -0.0000 -0.0000
vn -0.0000 -0.0000 1.0000
vn -0.0000 -1.0000 -0.0000
vn -0.0000 1.0000 -0.0000
vn -0.0000 -0.0000 -1.0000
vn 1.0000 -0.0000 -0.0000
vt 0.367188 -0.031250
vt 0.320312 -0.031250
vt 0.320312 -0.000000
vt 0.367188 -0.000000
vt 0.023438 -0.000000
vt -0.023438 -0.000000
vt -0.023438 -0.031250
vt 0.023438 -0.031250
vt 0.023438 0.320312
vt -0.023438 0.320312
vt -0.023438 0.367188
vt 0.023438 0.367188
s 1
usemtl Tiles108_1K-JPG_Color
f 743/1278/568 744/1279/568 745/1280/568 746/1281/568
f 747/1282/569 745/1283/569 744/1284/569 748/1285/569
f 748/1286/570 744/1287/570 743/1288/570 749/1289/570
f 750/1289/571 746/1288/571 745/1287/571 747/1286/571
f 749/1285/572 743/1284/572 746/1283/572 750/1282/572
f 750/1281/573 747/1280/573 748/1279/573 749/1278/573
o entity3_brush18
v 256.000000 671.999756 -3424.000000
v 256.000000 672.000000 -352.000061
v 256.000000 704.000000 -352.000061
v 256.000000 703.999756 -3424.000000
v 1280.000000 704.000000 -352.000061
v 1280.000000 672.000000 -352.000061
v 1280.000000 671.999756 -3424.000000
v 1280.000000 703.999756 -3424.000000
vn -1.0000 -0.0000 -0.0000
vn -0.0000 -0.0000 1.0000
vn -0.0000 -1.0000 -0.0000
vn -0.0000 1.0000 -0.0000
vn -0.0000 -0.0000 -1.0000
vn 1.0000 -0.0000 -0.0000
vt 0.062500 0.140625
vt -0.062500 0.140625
vt -0.062500 0.171875
vt 0.062500 0.171875
vt 0.062500 0.171875
vt -0.062500 0.171875
vt -0.062500 0.140625
vt 0.062500 0.140625
vt 0.062500 -0.062500
vt -0.062500 -0.062500
vt -0.062500 0.062500
vt 0.062500 0.062500
s 1
usemtl Tiles107_1K-JPG_Color_Gray
f 751/1290/574 752/1291/574 753/1292/574 754/1293/574
f 755/1294/575 753/1295/575 752/1296/575 756/1297/575
f 756/1298/576 752/1299/576 751/1300/576 757/1301/576
f 758/1301/577 754/1300/577 753/1299/577 755/1298/577
f 757/1297/578 751/1296/578 754/1295/578 758/1294/578
f 758/1293/579 755/1292/579 756/1291/579 757/1290/579
o entity3_brush19
v -128.000000 -512.000061 -1023.999939
v -128.000000 -512.000061 -447.999969
v -128.000000 -192.000076 -1024.000000
v -32.000000 -192.000076 -1024.000000
v -32.000000 -512.000061 -447.999969
v -32.000000 -512.000061 -1023.999939
vn -1.0000 -0.0000 -0.0000
vn -0.0000 0.8742 0.4856
vn -0.0000 -1.0000 -0.0000
vn -0.0000 -0.0000 -1.0000
vn 1.0000 -0.0000 -0.0000
vt -0.062500 -0.031250
vt -0.137500 -0.031250
vt -0.062500 -0.000000
vt 0.156250 0.031250
vt -0.031250 0.031250
vt -0.031250 -0.006250
vt 0.156250 -0.006250
vt 0.156250 -0.137500
vt -0.031250 -0.137500
vt -0.031250 -0.062500
vt 0.156250 -0.062500
vt 0.156250 -0.031250
vt -0.031250 -0.031250
vt -0.031250 -0.000000
vt 0.156250 -0.000000
s 1
usemtl Tiles107_1K-JPG_Color_Gray
f 759/1302/580 760/1303/580 761/1304/580
f 762/1305/581 761/1306/581 760/1307/581 763/1308/581
f 763/1309/582 760/1310/582 759/1311/582 764/1312/582
f 764/1313/583 759/1314/583 761/1315/583 762/1316/583
f 763/1303/584 764/1302/584 762/1304/584
o entity3_brush2
v -256.000000 -544.000244 -3424.000000
v -256.000000 -544.000000 0.000041
v -256.000000 -512.000000 0.000039
v -256.000000 -512.000244 -3424.000000
v 256.000000 -512.000000 0.000039
v 256.000000 -544.000000 0.000041
v 256.000000 -544.000244 -3424.000000
v 256.000000 -512.000244 -3424.000000
vn -1.0000 -0.0000 -0.0000
vn -0.0000 -0.0000 1.0000
vn -0.0000 -1.0000 -0.0000
vn -0.0000 1.0000 -0.0000
vn -0.0000 -0.0000 -1.0000
vn 1.0000 -0.0000 -0.0000
vt 0.062500 -0.015625
vt -0.062500 -0.015625
vt -0.062500 0.015625
vt 0.062500 0.015625
vt 0.062500 -0.062500
vt -0.062500 -0.062500
vt -0.062500 0.062500
vt 0.062500 0.062500
s 1
usemtl Tiles107_1K-JPG_Color_Gray
f 765/1317/585 766/1318/585 767/1319/585 768/1320/585
f 769/1320/586 767/1319/586 766/1318/586 770/1317/586
f 770/1321/587 766/1322/587 765/1323/587 771/1324/587
f 772/1324/588 768/1323/588 767/1322/588 769/1321/588
f 771/1317/589 765/1318/589 768/1319/589 772/1320/589
f 772/1320/590 769/1319/590 770/1318/590 771/1317/590
o entity3_brush20
v -32.000000 -512.000061 -1023.999939
v -32.000000 -512.000061 -703.999939
v -32.000000 -192.000076 -1024.000000
v 64.000000 -192.000076 -1024.000000
v 64.000000 -512.000061 -703.999939
v 64.000000 -512.000061 -1023.999939
vn -1.0000 -0.0000 -0.0000
vn -0.0000 0.7071 0.7071
vn -0.0000 -1.0000 -0.0000
vn -0.0000 -0.0000 -1.0000
vn 1.0000 -0.0000 -0.0000
vt -0.062500 -0.031250
vt -0.104167 -0.031250
vt -0.062500 -0.000000
vt 0.343750 0.031250
vt 0.156250 0.031250
vt 0.156250 0.010417
vt 0.343750 0.010417
vt 0.343750 -0.104167
vt 0.156250 -0.104167
vt 0.156250 -0.062500
vt 0.343750 -0.062500
vt 0.343750 -0.031250
vt 0.156250 -0.031250
vt 0.156250 -0.000000
vt 0.343750 -0.000000
s 1
usemtl Tiles107_1K-JPG_Color_Gray
f 773/1325/591 774/1326/591 775/1327/591
f 776/1328/592 775/1329/592 774/1330/592 777/1331/592
f 777/1332/593 774/1333/593 773/1334/593 778/1335/593
f 778/1336/594 773/1337/594 775/1338/594 776/1339/594
f 777/1326/595 778/1325/595 776/1327/595
o entity3_brush21
v 256.000000 223.999741 -3392.000000
v -32.000000 -64.000259 -3392.000000
v -32.000000 -64.000229 -3072.000000
v 256.000000 223.999771 -3072.000000
v 256.000000 -64.000229 -3072.000000
v 256.000000 -64.000259 -3392.000000
vn -0.7071 0.7071 -0.0000
vn -0.0000 -0.0000 1.0000
vn -0.0000 -1.0000 -0.0000
vn -0.0000 -0.0000 -1.0000
vn 1.0000 -0.0000 -0.0000
vt 0.718750 0.185417
vt 0.156250 0.185417
vt 0.156250 0.164583
vt 0.718750 0.164583
vt -0.162500 0.040625
vt -0.200000 0.012500
vt -0.162500 0.012500
vt 0.718750 0.204167
vt 0.156250 0.204167
vt 0.156250 0.245833
vt 0.718750 0.245833
vt 6.843748 0.040625
vt 6.218748 0.040625
vt 6.218748 0.012500
vt 6.843748 0.012500
s 1
usemtl Tiles107_1K-JPG_Color_Gray
f 779/1340/596 780/1341/596 781/1342/596 782/1343/596
f 782/1344/597 781/1345/597 783/1346/597
f 783/1347/598 781/1348/598 780/1349/598 784/1350/598
f 784/1346/599 780/1345/599 779/1344/599
f 779/1351/600 782/1352/600 783/1353/600 784/1354/600
o entity3_brush3
v -16.000000 -512.000122 -1232.000000
v -16.000000 -512.000061 -1200.000000
v -16.000000 -32.000092 -1200.000000
v -16.000000 -32.000092 -1232.000000
v 16.000000 -32.000092 -1200.000000
v 16.000000 -512.000061 -1200.000000
v 16.000000 -512.000122 -1232.000000
v 16.000000 -32.000092 -1232.000000
vn -1.0000 -0.0000 -0.0000
vn -0.0000 -0.0000 1.0000
vn -0.0000 -1.0000 -0.0000
vn -0.0000 1.0000 -0.0000
vn -0.0000 -0.0000 -1.0000
vn 1.0000 -0.0000 -0.0000
vt 1.203125 -0.031250
vt 1.171875 -0.031250
vt 1.171875 -0.000000
vt 1.203125 -0.000000
vt 0.015625 -0.000000
vt -0.015625 -0.000000
vt -0.015625 -0.031250
vt 0.015625 -0.031250
vt 0.015625 1.171875
vt -0.015625 1.171875
vt -0.015625 1.203125
vt 0.015625 1.203125
s 1
usemtl Tiles108_1K-JPG_Color
f 785/1355/601 786/1356/601 787/1357/601 788/1358/601
f 789/1359/602 787/1360/602 786/1361/602 790/1362/602
f 790/1363/603 786/1364/603 785/1365/603 791/1366/603
f 792/1366/604 788/1365/604 787/1364/604 789/1363/604
f 791/1362/605 785/1361/605 788/1360/605 792/1359/605
f 792/1358/606 789/1357/606 790/1356/606 791/1355/606
o entity3_brush4
v -16.000000 -512.000122 -1488.000000
v -16.000000 -512.000122 -1456.000000
v -16.000000 -32.000111 -1456.000000
v -16.000000 -32.000111 -1488.000000
v 16.000000 -32.000111 -1456.000000
v 16.000000 -512.000122 -1456.000000
v 16.000000 -512.000122 -1488.000000
v 16.000000 -32.000111 -1488.000000
vn -1.0000 -0.0000 -0.0000
vn -0.0000 -0.0000 1.0000
vn -0.0000 -1.0000 -0.0000
vn -0.0000 1.0000 -0.0000
vn -0.0000 -0.0000 -1.0000
vn 1.0000 -0.0000 -0.0000
vt 1.453125 -0.031250
vt 1.421875 -0.031250
vt 1.421875 -0.000000
vt 1.453125 -0.000000
vt 0.015625 -0.000000
vt -0.015625 -0.000000
vt -0.015625 -0.031250
vt 0.015625 -0.031250
vt 0.015625 1.421875
vt -0.015625 1.421875
vt -0.015625 1.453125
vt 0.015625 1.453125
s 1
usemtl Tiles108_1K-JPG_Color
f 793/1367/607 794/1368/607 795/1369/607 796/1370/607
f 797/1371/608 795/1372/608 794/1373/608 798/1374/608
f 798/1375/609 794/1376/609 793/1377/609 799/1378/609
f 800/1378/610 796/1377/610 795/1376/610 797/1375/610
f 799/1374/611 793/1373/611 796/1372/611 800/1371/611
f 800/1370/612 797/1369/612 798/1368/612 799/1367/612
o entity3_black5
v -64.000000 -512.000122 -1920.000000
v -64.000000 -512.000122 -1664.000000
v -64.000000 -0.000126 -1664.000000
v -64.000000 -0.000145 -1920.000000
v 224.000000 -0.000126 -1664.000000
v 224.000000 -512.000122 -1664.000000
v 224.000000 -512.000122 -1920.000000
v 224.000000 -0.000145 -1920.000000
vn -1.0000 -0.0000 -0.0000
vn -0.0000 -0.0000 1.0000
vn -0.0000 -1.0000 -0.0000
vn -0.0000 1.0000 -0.0000
vn -0.0000 -0.0000 -1.0000
vn 1.0000 -0.0000 -0.0000
vt 1.750000 -0.031250
vt 1.625000 -0.031250
vt 1.625000 -0.000000
vt 1.750000 -0.000000
vt 0.218750 -0.000000
vt -0.218750 -0.000000
vt -0.218750 -0.031250
vt 0.218750 -0.031250
vt 0.218750 1.625000
vt -0.218750 1.625000
vt -0.218750 1.750000
vt 0.218750 1.750000
s 1
usemtl Tiles108_1K-JPG_Color
f 801/1379/613 802/1380/613 803/1381/613 804/1382/613
f 805/1383/614 803/1384/614 802/1385/614 806/1386/614
f 806/1387/615 802/1388/615 801/1389/615 807/1390/615
f 808/1390/616 804/1389/616 803/1388/616 805/1387/616
f 807/1386/617 801/1385/617 804/1384/617 808/1383/617
f 808/1382/618 805/1381/618 806/1380/618 807/1379/618
o entity3_brush6
v -80.000000 -512.000183 -2128.000000
v -80.000000 -512.000183 -2096.000000
v -80.000000 -224.000153 -2096.000000
v -80.000000 -224.000168 -2128.000000
v -48.000000 -224.000153 -2096.000000
v -48.000000 -512.000183 -2096.000000
v -48.000000 -512.000183 -2128.000000
v -48.000000 -224.000168 -2128.000000
vn -1.0000 -0.0000 -0.0000
vn -0.0000 -0.0000 1.0000
vn -0.0000 -1.0000 -0.0000
vn -0.0000 1.0000 -0.0000
vn -0.0000 -0.0000 -1.0000
vn 1.0000 -0.0000 -0.0000
vt 1.890625 -0.500000
vt 1.859375 -0.500000
vt 1.859375 -0.148438
vt 1.890625 -0.148438
vt 0.078125 -0.148438
vt 0.046875 -0.148438
vt 0.046875 -0.500000
vt 0.078125 -0.500000
vt 0.078125 1.859375
vt 0.046875 1.859375
vt 0.046875 1.890625
vt 0.078125 1.890625
s 1
usemtl Tiles108_1K-JPG_Color
f 809/1391/619 810/1392/619 811/1393/619 812/1394/619
f 813/1395/620 811/1396/620 810/1397/620 814/1398/620
f 814/1399/621 810/1400/621 809/1401/621 815/1402/621
f 816/1402/622 812/1401/622 811/1400/622 813/1399/622
f 815/1398/623 809/1397/623 812/1396/623 816/1395/623
f 816/1394/624 813/1393/624 814/1392/624 815/1391/624
o entity3_brush7
v -128.000000 -224.000168 -2176.000000
v -128.000000 -224.000153 -2048.000000
v -128.000000 -192.000153 -2048.000000
v -128.000000 -192.000168 -2176.000000
v 0.000000 -192.000153 -2048.000000
v 0.000000 -224.000153 -2048.000000
v 0.000000 -224.000168 -2176.000000
v 0.000000 -192.000168 -2176.000000
vn -1.0000 -0.0000 -0.0000
vn -0.0000 -0.0000 1.0000
vn -0.0000 -1.0000 -0.0000
vn -0.0000 1.0000 -0.0000
vn -0.0000 -0.0000 -1.0000
vn 1.0000 -0.0000 -0.0000
vt 0.484375 -0.000000
vt 0.453125 -0.000000
vt 0.453125 0.031250
vt 0.484375 0.031250
vt 0.031250 0.031250
vt 0.000000 0.031250
vt 0.000000 -0.000000
vt 0.031250 -0.000000
vt 0.031250 0.453125
vt 0.000000 0.453125
vt 0.000000 0.484375
vt 0.031250 0.484375
s 1
usemtl Tiles108_1K-JPG_Color
f 817/1403/625 818/1404/625 819/1405/625 820/1406/625
f 821/1407/626 819/1408/626 818/1409/626 822/1410/626
f 822/1411/627 818/1412/627 817/1413/627 823/1414/627
f 824/1414/628 820/1413/628 819/1412/628 821/1411/628
f 823/1410/629 817/1409/629 820/1408/629 824/1407/629
f 824/1406/630 821/1405/630 822/1404/630 823/1403/630
o entity3_brush8
v -80.000000 -512.000183 -2512.000000
v -80.000000 -512.000183 -2480.000000
v -80.000000 -160.000183 -2480.000000
v -80.000000 -160.000183 -2512.000000
v -48.000000 -160.000183 -2480.000000
v -48.000000 -512.000183 -2480.000000
v -48.000000 -512.000183 -2512.000000
v -48.000000 -160.000183 -2512.000000
vn -1.0000 -0.0000 -0.0000
vn -0.0000 -0.0000 1.0000
vn -0.0000 -1.0000 -0.0000
vn -0.0000 1.0000 -0.0000
vn -0.0000 -0.0000 -1.0000
vn 1.0000 -0.0000 -0.0000
vt 2.203125 -0.500000
vt 2.171875 -0.500000
vt 2.171875 -0.187500
vt 2.203125 -0.187500
vt 0.078125 -0.187500
vt 0.046875 -0.187500
vt 0.046875 -0.500000
vt 0.078125 -0.500000
vt 0.078125 2.171875
vt 0.046875 2.171875
vt 0.046875 2.203125
vt 0.078125 2.203125
s 1
usemtl Tiles108_1K-JPG_Color
f 825/1415/631 826/1416/631 827/1417/631 828/1418/631
f 829/1419/632 827/1420/632 826/1421/632 830/1422/632
f 830/1423/633 826/1424/633 825/1425/633 831/1426/633
f 832/1426/634 828/1425/634 827/1424/634 829/1423/634
f 831/1422/635 825/1421/635 828/1420/635 832/1419/635
f 832/1418/636 829/1417/636 830/1416/636 831/1415/636
o entity3_brush9
v -128.000000 -160.000198 -2560.000000
v -128.000000 -160.000183 -2432.000000
v -128.000000 -128.000183 -2432.000000
v -128.000000 -128.000198 -2560.000000
v 0.000000 -128.000183 -2432.000000
v 0.000000 -160.000183 -2432.000000
v 0.000000 -160.000198 -2560.000000
v 0.000000 -128.000198 -2560.000000
vn -1.0000 -0.0000 -0.0000
vn -0.0000 -0.0000 1.0000
vn -0.0000 -1.0000 -0.0000
vn -0.0000 1.0000 -0.0000
vn -0.0000 -0.0000 -1.0000
vn 1.0000 -0.0000 -0.0000
vt 0.484375 -0.031250
vt 0.453125 -0.031250
vt 0.453125 -0.000000
vt 0.484375 -0.000000
vt 0.031250 -0.000000
vt 0.000000 -0.000000
vt 0.000000 -0.031250
vt 0.031250 -0.031250
vt 0.031250 0.453125
vt 0.000000 0.453125
vt 0.000000 0.484375
vt 0.031250 0.484375
s 1
usemtl Tiles108_1K-JPG_Color
f 833/1427/637 834/1428/637 835/1429/637 836/1430/637
f 837/1431/638 835/1432/638 834/1433/638 838/1434/638
f 838/1435/639 834/1436/639 833/1437/639 839/1438/639
f 840/1438/640 836/1437/640 835/1436/640 837/1435/640
f 839/1434/641 833/1433/641 836/1432/641 840/1431/641
f 840/1430/642 837/1429/642 838/1428/642 839/1427/642
o entity4_black0
v 832.000000 -0.000232 -3072.000000
v 832.000000 -128.000229 -3072.000000
v 832.000000 -128.000198 -2624.000000
v 832.000000 -0.000198 -2624.000000
v 960.000000 -128.000198 -2624.000000
v 960.000000 -128.000229 -3072.000000
vn -1.0000 -0.0000 -0.0000
vn -0.0000 -0.0000 1.0000
vn -0.0000 -1.0000 -0.0000
vn -0.0000 -0.0000 -1.0000
vn 0.7071 0.7071 -0.0000
vt 3.000000 0.031250
vt 3.000000 -0.093750
vt 2.562500 -0.093750
vt 2.562500 0.031250
vt 0.687500 0.031250
vt 0.687500 -0.093750
vt 0.812500 -0.093750
vt 0.812500 2.562500
vt 0.687500 2.562500
vt 0.687500 3.000000
vt 0.812500 3.000000
s 1
usemtl Tiles108_1K-JPG_Color
f 841/1439/643 842/1440/643 843/1441/643 844/1442/643
f 844/1443/644 843/1444/644 845/1445/644
f 845/1446/645 843/1447/645 842/1448/645 846/1449/645
f 846/1445/646 842/1444/646 841/1443/646
f 841/1448/647 844/1447/647 845/1446/647 846/1449/647
o entity4_black1
v 1088.000000 -0.000232 -3072.000000
v 960.000000 -128.000229 -3072.000000
v 960.000000 -128.000168 -2176.000000
v 1088.000000 -0.000164 -2176.000000
v 1088.000000 -128.000168 -2176.000000
v 1088.000000 -128.000229 -3072.000000
vn -0.7071 0.7071 -0.0000
vn -0.0000 -0.0000 1.0000
vn -0.0000 -1.0000 -0.0000
vn -0.0000 -0.0000 -1.0000
vn 1.0000 -0.0000 -0.0000
vt 0.937500 3.000000
vt 0.812500 3.000000
vt 0.812500 2.125000
vt 0.937500 2.125000
vt 0.937500 0.031250
vt 0.812500 -0.093750
vt 0.937500 -0.093750
vt 3.000000 0.031250
vt 2.125000 0.031250
vt 2.125000 -0.093750
vt 3.000000 -0.093750
s 1
usemtl Tiles108_1K-JPG_Color
f 847/1450/648 848/1451/648 849/1452/648 850/1453/648
f 850/1454/649 849/1455/649 851/1456/649
f 851/1453/650 849/1452/650 848/1451/650 852/1450/650
f 852/1456/651 848/1455/651 847/1454/651
f 847/1457/652 850/1458/652 851/1459/652 852/1460/652
o entity4_brush10
v 352.000000 -800.000244 -3070.545410
v 352.000000 -800.000183 -2736.000000
v 352.000000 -64.000229 -3070.545410
v 448.000000 -64.000229 -3070.545410
v 448.000000 -800.000183 -2736.000000
v 448.000000 -800.000244 -3070.545410
vn -1.0000 -0.0000 -0.0000
vn -0.0000 0.4138 0.9104
vn -0.0000 -1.0000 -0.0000
vn -0.0000 -0.0000 -1.0000
vn 1.0000 -0.0000 -0.0000
vt 0.203977 -0.059375
vt 0.160417 -0.059375
vt 0.203977 0.012500
vt 1.093750 -0.039583
vt 0.906250 -0.039583
vt 0.906250 -0.087500
vt 1.093750 -0.087500
vt 1.093750 0.160417
vt 0.906250 0.160417
vt 0.906250 0.203977
vt 1.093750 0.203977
vt 1.093750 -0.059375
vt 0.906250 -0.059375
vt 0.906250 0.012500
vt 1.093750 0.012500
s 1
usemtl Tiles107_1K-JPG_Color_Gray
f 853/1461/653 854/1462/653 855/1463/653
f 856/1464/654 855/1465/654 854/1466/654 857/1467/654
f 857/1468/655 854/1469/655 853/1470/655 858/1471/655
f 858/1472/656 853/1473/656 855/1474/656 856/1475/656
f 857/1462/657 858/1461/657 856/1463/657
o entity4_black11
v -1344.000000 -96.000259 -3392.000000
v -1344.000000 -96.000229 -3072.000000
v -1344.000000 -64.000229 -3072.000000
v -1344.000000 -64.000259 -3392.000000
v 1248.000000 -64.000229 -3072.000000
v 1248.000000 -96.000229 -3072.000000
v 1248.000000 -96.000259 -3392.000000
v 1248.000000 -64.000259 -3392.000000
vn -1.0000 -0.0000 -0.0000
vn -0.0000 -0.0000 1.0000
vn -0.0000 -1.0000 -0.0000
vn -0.0000 1.0000 -0.0000
vn -0.0000 -0.0000 -1.0000
vn 1.0000 -0.0000 -0.0000
vt 3.312500 -1.500000
vt 3.000000 -1.500000
vt 3.000000 -1.062500
vt 3.312500 -1.062500
vt 0.218750 -1.062500
vt -0.551630 -1.062500
vt -0.551630 -1.500000
vt 0.218750 -1.500000
vt 0.218750 3.000000
vt -0.551630 3.000000
vt -0.551630 3.312500
vt 0.218750 3.312500
s 1
usemtl Tiles108_1K-JPG_Color
f 859/1476/658 860/1477/658 861/1478/658 862/1479/658
f 863/1480/659 861/1481/659 860/1482/659 864/1483/659
f 864/1484/660 860/1485/660 859/1486/660 865/1487/660
f 866/1487/661 862/1486/661 861/1485/661 863/1484/661
f 865/1483/662 859/1482/662 862/1481/662 866/1480/662
f 866/1479/663 863/1478/663 864/1477/663 865/1476/663
o entity4_black12
v 256.000000 -192.000092 -1280.000000
v 256.000000 -192.000076 -960.000000
v 256.000000 -160.000076 -960.000000
v 256.000000 -160.000092 -1280.000000
v 1248.000000 -160.000076 -960.000000
v 1248.000000 -192.000076 -960.000000
v 1248.000000 -192.000092 -1280.000000
v 1248.000000 -160.000092 -1280.000000
vn -1.0000 -0.0000 -0.0000
vn -0.0000 -0.0000 1.0000
vn -0.0000 -1.0000 -0.0000
vn -0.0000 1.0000 -0.0000
vn -0.0000 -0.0000 -1.0000
vn 1.0000 -0.0000 -0.0000
vt 1.250000 -2.812500
vt 0.937500 -2.812500
vt 0.937500 -2.375000
vt 1.250000 -2.375000
vt 0.218750 -2.375000
vt -0.076087 -2.375000
vt -0.076087 -2.812500
vt 0.218750 -2.812500
vt 0.218750 0.937500
vt -0.076087 0.937500
vt -0.076087 1.250000
vt 0.218750 1.250000
s 1
usemtl Tiles108_1K-JPG_Color
f 867/1488/664 868/1489/664 869/1490/664 870/1491/664
f 871/1492/665 869/1493/665 868/1494/665 872/1495/665
f 872/1496/666 868/1497/666 867/1498/666 873/1499/666
f 874/1499/667 870/1498/667 869/1497/667 871/1496/667
f 873/1495/668 867/1494/668 870/1493/668 874/1492/668
f 874/1491/669 871/1490/669 872/1489/669 873/1488/669
o entity4_black13
v 256.000000 -480.000061 -687.999939
v 256.000000 -480.000031 -367.999969
v 256.000000 -448.000031 -367.999969
v 256.000000 -448.000061 -687.999939
v 1248.000000 -448.000031 -367.999969
v 1248.000000 -480.000031 -367.999969
v 1248.000000 -480.000061 -687.999939
v 1248.000000 -448.000061 -687.999939
vn -1.0000 -0.0000 -0.0000
vn -0.0000 -0.0000 1.0000
vn -0.0000 -1.0000 -0.0000
vn -0.0000 1.0000 -0.0000
vn -0.0000 -0.0000 -1.0000
vn 1.0000 -0.0000 -0.0000
vt 0.671875 -6.749998
vt 0.359375 -6.749998
vt 0.359375 -6.312498
vt 0.671875 -6.312498
vt 0.218750 -6.312498
vt -0.076087 -6.312498
vt -0.076087 -6.749998
vt 0.218750 -6.749998
vt 0.218750 0.359375
vt -0.076087 0.359375
vt -0.076087 0.671875
vt 0.218750 0.671875
s 1
usemtl Tiles108_1K-JPG_Color
f 875/1500/670 876/1501/670 877/1502/670 878/1503/670
f 879/1504/671 877/1505/671 876/1506/671 880/1507/671
f 880/1508/672 876/1509/672 875/1510/672 881/1511/672
f 882/1511/673 878/1510/673 877/1509/673 879/1508/673
f 881/1507/674 875/1506/674 878/1505/674 882/1504/674
f 882/1503/675 879/1502/675 880/1501/675 881/1500/675
o entity4_brush14
v 768.000000 -512.000305 -3888.000000
v 768.000000 -640.000305 -3888.000000
v 768.000000 -640.000183 -2816.000000
v 768.000000 -512.000183 -2816.000000
v 896.000000 -640.000183 -2816.000000
v 896.000000 -640.000305 -3888.000000
vn -1.0000 -0.0000 -0.0000
vn -0.0000 -0.0000 1.0000
vn -0.0000 -1.0000 -0.0000
vn -0.0000 -0.0000 -1.0000
vn 0.7071 0.7071 -0.0000
vt 3.796875 -0.500000
vt 3.796875 -0.625000
vt 2.750000 -0.625000
vt 2.750000 -0.500000
vt 0.750000 -0.500000
vt 0.750000 -0.625000
vt 0.875000 -0.625000
vt 0.875000 2.750000
vt 0.750000 2.750000
vt 0.750000 3.796875
vt 0.875000 3.796875
s 1
usemtl Tiles107_1K-JPG_Color_Gray
f 883/1512/676 884/1513/676 885/1514/676 886/1515/676
f 886/1516/677 885/1517/677 887/1518/677
f 887/1519/678 885/1520/678 884/1521/678 888/1522/678
f 888/1518/679 884/1517/679 883/1516/679
f 883/1521/680 886/1520/680 887/1519/680 888/1522/680
o entity4_brush15
v 832.000000 -672.000244 -3424.000000
v 832.000000 -800.000244 -3424.000000
v 576.000000 -800.000000 -383.999939
v 576.000000 -672.000000 -383.999939
v 704.000000 -800.000000 -383.999939
v 960.000000 -800.000244 -3424.000000
vn -0.9965 -0.0000 -0.0839
vn -0.0000 -0.0000 1.0000
vn -0.0000 -1.0000 -0.0000
vn -0.0000 -0.0000 -1.0000
vn 0.7059 0.7059 0.0594
vt 3.343750 -0.656250
vt 3.343750 -0.781250
vt 0.375000 -0.781250
vt 0.375000 -0.656250
vt 0.562500 -0.656250
vt 0.562500 -0.781250
vt 0.687500 -0.781250
vt 0.687500 0.375000
vt 0.562500 0.375000
vt 0.812500 3.343750
vt 0.937500 3.343750
vt 0.937500 -0.781250
vt 0.812500 -0.781250
vt 0.812500 -0.656250
vt 1.140625 3.203125
vt 0.890625 0.234375
vt 1.015625 0.234375
vt 1.265625 3.203125
s 1
usemtl Tiles107_1K-JPG_Color_Gray
f 889/1523/681 890/1524/681 891/1525/681 892/1526/681
f 892/1527/682 891/1528/682 893/1529/682
f 893/1530/683 891/1531/683 890/1532/683 894/1533/683
f 894/1534/684 890/1535/684 889/1536/684
f 889/1537/685 892/1538/685 893/1539/685 894/1540/685
o entity4_brush16
v 768.000000 -512.000305 -3888.000000
v 640.000000 -640.000305 -3888.000000
v 640.000000 -640.000183 -2816.000000
v 768.000000 -512.000183 -2816.000000
v 768.000000 -640.000183 -2816.000000
v 768.000000 -640.000305 -3888.000000
vn -0.7071 0.7071 -0.0000
vn -0.0000 -0.0000 1.0000
vn -0.0000 -1.0000 -0.0000
vn -0.0000 -0.0000 -1.0000
vn 1.0000 -0.0000 -0.0000
vt 0.750000 3.796875
vt 0.625000 3.796875
vt 0.625000 2.750000
vt 0.750000 2.750000
vt 0.750000 -0.500000
vt 0.625000 -0.625000
vt 0.750000 -0.625000
vt 3.796875 -0.500000
vt 2.750000 -0.500000
vt 2.750000 -0.625000
vt 3.796875 -0.625000
s 1
usemtl Tiles107_1K-JPG_Color_Gray
f 895/1541/686 896/1542/686 897/1543/686 898/1544/686
f 898/1545/687 897/1546/687 899/1547/687
f 899/1544/688 897/1543/688 896/1542/688 900/1541/688
f 900/1547/689 896/1546/689 895/1545/689
f 895/1548/690 898/1549/690 899/1550/690 900/1551/690
o entity4_brush17
v 704.000000 -672.000244 -3424.000000
v 576.000000 -800.000244 -3424.000000
v 832.000000 -800.000000 -383.999939
v 960.000000 -672.000000 -383.999939
v 960.000000 -800.000000 -383.999939
v 704.000000 -800.000244 -3424.000000
vn -0.7059 0.7059 0.0594
vn -0.0000 -0.0000 1.0000
vn -0.0000 -1.0000 -0.0000
vn -0.0000 -0.0000 -1.0000
vn 0.9965 -0.0000 -0.0839
vt 1.015625 3.203125
vt 0.890625 3.203125
vt 1.140625 0.234375
vt 1.265625 0.234375
vt 0.937500 -0.656250
vt 0.812500 -0.781250
vt 0.937500 -0.781250
vt 0.937500 0.375000
vt 0.812500 0.375000
vt 0.562500 3.343750
vt 0.687500 3.343750
vt 0.687500 -0.781250
vt 0.562500 -0.781250
vt 0.687500 -0.656250
vt 3.343750 -0.656250
vt 0.375000 -0.656250
vt 0.375000 -0.781250
vt 3.343750 -0.781250
s 1
usemtl Tiles107_1K-JPG_Color_Gray
f 901/1552/691 902/1553/691 903/1554/691 904/1555/691
f 904/1556/692 903/1557/692 905/1558/692
f 905/1559/693 903/1560/693 902/1561/693 906/1562/693
f 906/1563/694 902/1564/694 901/1565/694
f 901/1566/695 904/1567/695 905/1568/695 906/1569/695
o entity4_black18
v 1232.000000 -400.000183 -2432.000000
v 1104.000000 -528.000183 -2432.000000
v 704.000000 -528.000061 -687.999939
v 832.000000 -400.000061 -688.000000
v 832.000000 -528.000061 -687.999939
v 1232.000000 -528.000183 -2432.000000
vn -0.6980 0.6980 -0.1601
vn -0.0000 -0.0000 1.0000
vn -0.0000 -1.0000 -0.0000
vn -0.0000 -0.0000 -1.0000
vn 0.9747 -0.0000 0.2236
vt 1.203125 2.375000
vt 1.078125 2.375000
vt 0.687500 0.671875
vt 0.812500 0.671875
vt 0.812500 -0.390625
vt 0.687500 -0.515625
vt 0.812500 -0.515625
vt 1.203125 -0.515625
vt 1.078125 -0.515625
vt 1.203125 -0.390625
vt 2.375000 -0.390625
vt 0.671875 -0.390625
vt 0.671875 -0.515625
vt 2.375000 -0.515625
s 1
usemtl Tiles107_1K-JPG_Color_Gray
f 907/1570/696 908/1571/696 909/1572/696 910/1573/696
f 910/1574/697 909/1575/697 911/1576/697
f 911/1573/698 909/1572/698 908/1571/698 912/1570/698
f 912/1577/699 908/1578/699 907/1579/699
f 907/1580/700 910/1581/700 911/1582/700 912/1583/700
o entity4_black19
v 304.000000 -400.000183 -2432.000000
v 304.000000 -528.000183 -2432.000000
v 704.000000 -528.000061 -687.999939
v 704.000000 -400.000061 -688.000000
v 832.000000 -528.000061 -687.999939
v 432.000000 -528.000183 -2432.000000
vn -0.9747 -0.0000 0.2236
vn -0.0000 -0.0000 1.0000
vn -0.0000 -1.0000 -0.0000
vn -0.0000 -0.0000 -1.0000
vn 0.6980 0.6980 -0.1601
vt 2.375000 -0.390625
vt 2.375000 -0.515625
vt 0.671875 -0.515625
vt 0.671875 -0.390625
vt 0.687500 -0.390625
vt 0.687500 -0.515625
vt 0.812500 -0.515625
vt 0.812500 0.671875
vt 0.687500 0.671875
vt 0.296875 2.375000
vt 0.421875 2.375000
vt 0.421875 -0.515625
vt 0.296875 -0.515625
vt 0.296875 -0.390625
s 1
usemtl Tiles107_1K-JPG_Color_Gray
f 913/1584/701 914/1585/701 915/1586/701 916/1587/701
f 916/1588/702 915/1589/702 917/1590/702
f 917/1591/703 915/1592/703 914/1593/703 918/1594/703
f 918/1595/704 914/1596/704 913/1597/704
f 913/1593/705 916/1592/705 917/1591/705 918/1594/705
o entity4_black2
v 1088.000000 -0.000164 -2176.000000
v 960.000000 -128.000168 -2176.000000
v 768.000000 -128.000092 -1280.000000
v 896.000000 -0.000097 -1280.000000
v 896.000000 -128.000092 -1280.000000
v 1088.000000 -128.000168 -2176.000000
vn -0.6991 0.6991 -0.1498
vn -0.0000 -0.0000 1.0000
vn -0.0000 -1.0000 -0.0000
vn -0.0000 -0.0000 -1.0000
vn 0.9778 -0.0000 0.2095
vt 1.031250 2.998607
vt 0.906250 2.998607
vt 0.718750 2.125557
vt 0.843750 2.125557
vt 0.937500 0.031250
vt 0.812500 -0.093750
vt 0.937500 -0.093750
vt 0.937500 -0.093750
vt 0.812500 -0.093750
vt 0.937500 0.031250
vt 3.000000 0.031250
vt 2.125000 0.031250
vt 2.125000 -0.093750
vt 3.000000 -0.093750
s 1
usemtl Tiles108_1K-JPG_Color
f 919/1598/706 920/1599/706 921/1600/706 922/1601/706
f 922/1602/707 921/1603/707 923/1604/707
f 923/1601/708 921/1600/708 920/1599/708 924/1598/708
f 924/1605/709 920/1606/709 919/1607/709
f 919/1608/710 922/1609/710 923/1610/710 924/1611/710
o entity4_black20
v 896.000000 -256.000092 -1280.000000
v 768.000000 -128.000092 -1280.000000
v 960.000000 -128.000168 -2176.000000
v 1088.000000 -256.000153 -2176.000000
v 896.000000 -128.000092 -1280.000000
v 1088.000000 -128.000168 -2176.000000
vn -0.6991 -0.6991 -0.1498
vn -0.0000 -0.0000 1.0000
vn -0.0000 1.0000 -0.0000
vn -0.0000 -0.0000 -1.0000
vn 0.9778 -0.0000 0.2095
vt 0.843750 2.125557
vt 0.718750 2.125557
vt 0.906250 2.998607
vt 1.031250 2.998607
vt 0.937500 -0.093750
vt 0.812500 -0.093750
vt 0.937500 -0.218750
vt 0.937500 -0.218750
vt 0.812500 -0.093750
vt 0.937500 -0.093750
vt 3.000000 -0.093750
vt 2.125000 -0.093750
vt 2.125000 -0.218750
vt 3.000000 -0.218750
s 1
usemtl Tiles108_1K-JPG_Color
f 925/1612/711 926/1613/711 927/1614/711 928/1615/711
f 929/1616/712 926/1617/712 925/1618/712
f 930/1615/713 927/1614/713 926/1613/713 929/1612/713
f 928/1619/714 927/1620/714 930/1621/714
f 930/1622/715 929/1623/715 925/1624/715 928/1625/715
o entity4_black21
v 1088.000000 -256.000153 -2176.000000
v 960.000000 -128.000168 -2176.000000
v 960.000000 -128.000229 -3072.000000
v 1088.000000 -256.000244 -3072.000000
v 1088.000000 -128.000168 -2176.000000
v 1088.000000 -128.000229 -3072.000000
vn -0.7071 -0.7071 -0.0000
vn -0.0000 -0.0000 1.0000
vn -0.0000 1.0000 -0.0000
vn -0.0000 -0.0000 -1.0000
vn 1.0000 -0.0000 -0.0000
vt 0.937500 2.125000
vt 0.812500 2.125000
vt 0.812500 3.000000
vt 0.937500 3.000000
vt 0.937500 -0.093750
vt 0.812500 -0.093750
vt 0.937500 -0.218750
vt 3.000000 -0.093750
vt 2.125000 -0.093750
vt 2.125000 -0.218750
vt 3.000000 -0.218750
s 1
usemtl Tiles108_1K-JPG_Color
f 931/1626/716 932/1627/716 933/1628/716 934/1629/716
f 935/1630/717 932/1631/717 931/1632/717
f 936/1629/718 933/1628/718 932/1627/718 935/1626/718
f 934/1632/719 933/1631/719 936/1630/719
f 936/1633/720 935/1634/720 931/1635/720 934/1636/720
o entity4_brush22
v 768.000000 -384.000244 -3392.000000
v 640.000000 -256.000244 -3392.000000
v 640.000000 -256.000305 -3888.000000
v 768.000000 -384.000305 -3888.000000
v 768.000000 -256.000244 -3392.000000
v 768.000000 -256.000305 -3888.000000
vn -0.7071 -0.7071 -0.0000
vn -0.0000 -0.0000 1.0000
vn -0.0000 1.0000 -0.0000
vn -0.0000 -0.0000 -1.0000
vn 1.0000 -0.0000 -0.0000
vt 0.750000 3.312500
vt 0.625000 3.312500
vt 0.625000 3.796875
vt 0.750000 3.796875
vt 0.750000 -0.250000
vt 0.625000 -0.250000
vt 0.750000 -0.375000
vt 3.796875 -0.250000
vt 3.312500 -0.250000
vt 3.312500 -0.375000
vt 3.796875 -0.375000
s 1
usemtl Tiles107_1K-JPG_Color_Gray
f 937/1637/721 938/1638/721 939/1639/721 940/1640/721
f 941/1641/722 938/1642/722 937/1643/722
f 942/1640/723 939/1639/723 938/1638/723 941/1637/723
f 940/1643/724 939/1642/724 942/1641/724
f 942/1644/725 941/1645/725 937/1646/725 940/1647/725
o entity4_brush23
v 768.000000 -384.000244 -3392.000000
v 768.000000 -256.000244 -3392.000000
v 768.000000 -256.000305 -3888.000000
v 768.000000 -384.000305 -3888.000000
v 896.000000 -256.000244 -3392.000000
v 896.000000 -256.000305 -3888.000000
vn -1.0000 -0.0000 -0.0000
vn -0.0000 -0.0000 1.0000
vn -0.0000 1.0000 -0.0000
vn -0.0000 -0.0000 -1.0000
vn 0.7071 -0.7071 -0.0000
vt 3.312500 -0.375000
vt 3.312500 -0.250000
vt 3.796875 -0.250000
vt 3.796875 -0.375000
vt 0.875000 -0.250000
vt 0.750000 -0.250000
vt 0.750000 -0.375000
vt 0.875000 3.796875
vt 0.750000 3.796875
vt 0.750000 3.312500
vt 0.875000 3.312500
s 1
usemtl Tiles107_1K-JPG_Color_Gray
f 943/1648/726 944/1649/726 945/1650/726 946/1651/726
f 947/1652/727 944/1653/727 943/1654/727
f 948/1655/728 945/1656/728 944/1657/728 947/1658/728
f 946/1654/729 945/1653/729 948/1652/729
f 948/1655/730 947/1658/730 943/1657/730 946/1656/730
o entity4_brush24
v 960.000000 -320.000305 -3888.000000
v 832.000000 -448.000305 -3888.000000
v 832.000000 -448.000244 -3392.000000
v 960.000000 -320.000244 -3392.000000
v 960.000000 -448.000244 -3392.000000
v 960.000000 -448.000305 -3888.000000
vn -0.7071 0.7071 -0.0000
vn -0.0000 -0.0000 1.0000
vn -0.0000 -1.0000 -0.0000
vn -0.0000 -0.0000 -1.0000
vn 1.0000 -0.0000 -0.0000
vt 0.937500 3.796875
vt 0.812500 3.796875
vt 0.812500 3.312500
vt 0.937500 3.312500
vt 0.937500 -0.312500
vt 0.812500 -0.437500
vt 0.937500 -0.437500
vt 3.796875 -0.312500
vt 3.312500 -0.312500
vt 3.312500 -0.437500
vt 3.796875 -0.437500
s 1
usemtl Tiles107_1K-JPG_Color_Gray
f 949/1659/731 950/1660/731 951/1661/731 952/1662/731
f 952/1663/732 951/1664/732 953/1665/732
f 953/1662/733 951/1661/733 950/1660/733 954/1659/733
f 954/1665/734 950/1664/734 949/1663/734
f 949/1666/735 952/1667/735 953/1668/735 954/1669/735
o entity4_brush25
v 960.000000 -576.000244 -3392.000000
v 832.000000 -448.000244 -3392.000000
v 832.000000 -448.000305 -3888.000000
v 960.000000 -576.000305 -3888.000000
v 960.000000 -448.000244 -3392.000000
v 960.000000 -448.000305 -3888.000000
vn -0.7071 -0.7071 -0.0000
vn -0.0000 -0.0000 1.0000
vn -0.0000 1.0000 -0.0000
vn -0.0000 -0.0000 -1.0000
vn 1.0000 -0.0000 -0.0000
vt 0.937500 3.312500
vt 0.812500 3.312500
vt 0.812500 3.796875
vt 0.937500 3.796875
vt 0.937500 -0.437500
vt 0.812500 -0.437500
vt 0.937500 -0.562500
vt 3.796875 -0.437500
vt 3.312500 -0.437500
vt 3.312500 -0.562500
vt 3.796875 -0.562500
s 1
usemtl Tiles107_1K-JPG_Color_Gray
f 955/1670/736 956/1671/736 957/1672/736 958/1673/736
f 959/1674/737 956/1675/737 955/1676/737
f 960/1673/738 957/1672/738 956/1671/738 959/1670/738
f 958/1676/739 957/1675/739 960/1674/739
f 960/1677/740 959/1678/740 955/1679/740 958/1680/740
o entity4_brush26
v 576.000000 -320.000305 -3888.000000
v 576.000000 -448.000305 -3888.000000
v 576.000000 -448.000244 -3392.000000
v 576.000000 -320.000244 -3392.000000
v 704.000000 -448.000244 -3392.000000
v 704.000000 -448.000305 -3888.000000
vn -1.0000 -0.0000 -0.0000
vn -0.0000 -0.0000 1.0000
vn -0.0000 -1.0000 -0.0000
vn -0.0000 -0.0000 -1.0000
vn 0.7071 0.7071 -0.0000
vt 3.796875 -0.312500
vt 3.796875 -0.437500
vt 3.312500 -0.437500
vt 3.312500 -0.312500
vt 0.562500 -0.312500
vt 0.562500 -0.437500
vt 0.687500 -0.437500
vt 0.687500 3.312500
vt 0.562500 3.312500
vt 0.562500 3.796875
vt 0.687500 3.796875
s 1
usemtl Tiles107_1K-JPG_Color_Gray
f 961/1681/741 962/1682/741 963/1683/741 964/1684/741
f 964/1685/742 963/1686/742 965/1687/742
f 965/1688/743 963/1689/743 962/1690/743 966/1691/743
f 966/1687/744 962/1686/744 961/1685/744
f 961/1690/745 964/1689/745 965/1688/745 966/1691/745
o entity4_brush27
v 576.000000 -576.000244 -3392.000000
v 576.000000 -448.000244 -3392.000000
v 576.000000 -448.000305 -3888.000000
v 576.000000 -576.000305 -3888.000000
v 704.000000 -448.000244 -3392.000000
v 704.000000 -448.000305 -3888.000000
vn -1.0000 -0.0000 -0.0000
vn -0.0000 -0.0000 1.0000
vn -0.0000 1.0000 -0.0000
vn -0.0000 -0.0000 -1.0000
vn 0.7071 -0.7071 -0.0000
vt 3.312500 -0.562500
vt 3.312500 -0.437500
vt 3.796875 -0.437500
vt 3.796875 -0.562500
vt 0.687500 -0.437500
vt 0.562500 -0.437500
vt 0.562500 -0.562500
vt 0.687500 3.796875
vt 0.562500 3.796875
vt 0.562500 3.312500
vt 0.687500 3.312500
s 1
usemtl Tiles107_1K-JPG_Color_Gray
f 967/1692/746 968/1693/746 969/1694/746 970/1695/746
f 971/1696/747 968/1697/747 967/1698/747
f 972/1699/748 969/1700/748 968/1701/748 971/1702/748
f 970/1698/749 969/1697/749 972/1696/749
f 972/1699/750 971/1702/750 967/1701/750 970/1700/750
o entity4_brush28
v 1248.000000 544.000000 -384.000031
v 1120.000000 672.000000 -384.000061
v 1120.000000 671.999756 -3392.000000
v 1248.000000 543.999756 -3392.000000
v 1248.000000 672.000000 -384.000061
v 1248.000000 671.999756 -3392.000000
vn -0.7071 -0.7071 -0.0000
vn -0.0000 -0.0000 1.0000
vn -0.0000 1.0000 -0.0000
vn -0.0000 -0.0000 -1.0000
vn 1.0000 -0.0000 -0.0000
vt 1.218750 0.375000
vt 1.093750 0.375000
vt 1.093750 3.312500
vt 1.218750 3.312500
vt 1.218750 0.656250
vt 1.093750 0.656250
vt 1.218750 0.531250
vt 3.312500 0.656250
vt 0.375000 0.656250
vt 0.375000 0.531250
vt 3.312500 0.531250
s 1
usemtl Tiles107_1K-JPG_Color_Gray
f 973/1703/751 974/1704/751 975/1705/751 976/1706/751
f 977/1707/752 974/1708/752 973/1709/752
f 978/1706/753 975/1705/753 974/1704/753 977/1703/753
f 976/1709/754 975/1708/754 978/1707/754
f 978/1710/755 977/1711/755 973/1712/755 976/1713/755
o entity4_brush29
v 256.000000 544.000000 -384.000031
v 256.000000 672.000000 -384.000061
v 256.000000 671.999756 -3392.000000
v 256.000000 543.999756 -3392.000000
v 384.000000 672.000000 -384.000061
v 384.000000 671.999756 -3392.000000
vn -1.0000 -0.0000 -0.0000
vn -0.0000 -0.0000 1.0000
vn -0.0000 1.0000 -0.0000
vn -0.0000 -0.0000 -1.0000
vn 0.7071 -0.7071 -0.0000
vt 0.375000 0.531250
vt 0.375000 0.656250
vt 3.312500 0.656250
vt 3.312500 0.531250
vt 0.250000 0.656250
vt 0.250000 0.531250
vt 0.375000 3.312500
vt 0.250000 3.312500
vt 0.250000 0.375000
vt 0.375000 0.375000
s 1
usemtl Tiles107_1K-JPG_Color_Gray
f 979/1714/756 980/1715/756 981/1716/756 982/1717/756
f 983/1715/757 980/1718/757 979/1719/757
f 984/1720/758 981/1721/758 980/1722/758 983/1723/758
f 982/1719/759 981/1718/759 984/1715/759
f 984/1720/760 983/1723/760 979/1722/760 982/1721/760
o entity4_brush3
v 256.000000 -544.000122 -1920.000000
v 256.000000 -608.000122 -1920.000000
v 256.000000 -736.000122 -1472.000000
v 256.000000 -672.000122 -1472.000000
v 384.000000 -736.000122 -1472.000000
v 384.000000 -608.000122 -1920.000000
vn -1.0000 -0.0000 -0.0000
vn -0.0000 -0.0000 1.0000
vn -0.0000 -0.9615 -0.2747
vn -0.0000 -0.0000 -1.0000
vn 0.4333 0.8666 0.2476
vt 1.875000 -0.437500
vt 1.875000 -0.462500
vt 1.437500 -0.512500
vt 1.437500 -0.487500
vt 0.250000 -0.487500
vt 0.250000 -0.512500
vt 0.375000 -0.512500
vt 0.375000 1.437500
vt 0.250000 1.437500
vt 0.250000 1.875000
vt 0.375000 1.875000
vt 0.375000 -0.462500
vt 0.250000 -0.462500
vt 0.250000 -0.437500
s 1
usemtl Tiles108_1K-JPG_Color
f 985/1724/761 986/1725/761 987/1726/761 988/1727/761
f 988/1728/762 987/1729/762 989/1730/762
f 989/1731/763 987/1732/763 986/1733/763 990/1734/763
f 990/1735/764 986/1736/764 985/1737/764
f 985/1733/765 988/1732/765 989/1731/765 990/1734/765
o entity4_brush30
v -256.000000 544.000061 1023.999939
v -384.000000 672.000061 1023.999939
v -384.000000 671.999756 -3392.000000
v -256.000000 543.999756 -3392.000000
v -256.000000 672.000061 1023.999939
v -256.000000 671.999756 -3392.000000
vn -0.7071 -0.7071 -0.0000
vn -0.0000 -0.0000 1.0000
vn -0.0000 1.0000 -0.0000
vn -0.0000 -0.0000 -1.0000
vn 1.0000 -0.0000 -0.0000
vt -0.250000 -1.000000
vt -0.375000 -1.000000
vt -0.375000 3.312500
vt -0.250000 3.312500
vt -0.250000 0.656250
vt -0.375000 0.656250
vt -0.250000 0.531250
vt 3.312500 0.656250
vt -1.000000 0.656250
vt -1.000000 0.531250
vt 3.312500 0.531250
s 1
usemtl Tiles107_1K-JPG_Color_Gray
f 991/1738/766 992/1739/766 993/1740/766 994/1741/766
f 995/1742/767 992/1743/767 991/1744/767
f 996/1741/768 993/1740/768 992/1739/768 995/1738/768
f 994/1744/769 993/1743/769 996/1742/769
f 996/1745/770 995/1746/770 991/1747/770 994/1748/770
o entity4_brush31
v 224.000000 -825.721985 -3424.000000
v 224.000000 -825.721741 -351.999939
v 224.000000 -794.000000 -351.999939
v 224.000000 -794.000244 -3424.000000
v 1280.000000 -794.000000 -351.999939
v 1280.000000 -825.721741 -351.999939
v 1280.000000 -825.721985 -3424.000000
v 1280.000000 -794.000244 -3424.000000
vn -1.0000 -0.0000 -0.0000
vn -0.0000 -0.0000 1.0000
vn -0.0000 -1.0000 -0.0000
vn -0.0000 1.0000 -0.0000
vn -0.0000 -0.0000 -1.0000
vn 1.0000 -0.0000 -0.0000
vt 0.062500 -0.009494
vt -0.062500 -0.009494
vt -0.062500 0.021484
vt 0.062500 0.021484
vt 0.062500 -0.062500
vt -0.062500 -0.062500
vt -0.062500 0.062500
vt 0.062500 0.062500
s 1
usemtl Tiles107_1K-JPG_Color_Gray
f 997/1749/771 998/1750/771 999/1751/771 1000/1752/771
f 1001/1752/772 999/1751/772 998/1750/772 1002/1749/772
f 1002/1753/773 998/1754/773 997/1755/773 1003/1756/773
f 1004/1756/774 1000/1755/774 999/1754/774 1001/1753/774
f 1003/1749/775 997/1750/775 1000/1751/775 1004/1752/775
f 1004/1752/776 1001/1751/776 1002/1750/776 1003/1749/776
o entity4_brush32
v 640.000000 -640.000305 -4032.000000
v 640.000000 -640.000305 -4000.000000
v 640.000000 -624.000305 -4000.000000
v 640.000000 -624.000305 -4032.000000
v 896.000000 -624.000305 -4000.000000
v 896.000000 -640.000305 -4000.000000
v 896.000000 -640.000305 -4032.000000
v 896.000000 -624.000305 -4032.000000
vn -1.0000 -0.0000 -0.0000
vn -0.0000 -0.0000 1.0000
vn -0.0000 -1.0000 -0.0000
vn -0.0000 1.0000 -0.0000
vn -0.0000 -0.0000 -1.0000
vn 1.0000 -0.0000 -0.0000
vt 3.937500 -0.625000
vt 3.906250 -0.625000
vt 3.906250 -0.609375
vt 3.937500 -0.609375
vt 0.875000 -0.609375
vt 0.625000 -0.609375
vt 0.625000 -0.625000
vt 0.875000 -0.625000
vt 0.875000 3.906250
vt 0.625000 3.906250
vt 0.625000 3.937500
vt 0.875000 3.937500
s 1
usemtl Tiles107_1K-JPG_Color_Gray
f 1005/1757/777 1006/1758/777 1007/1759/777 1008/1760/777
f 1009/1761/778 1007/1762/778 1006/1763/778 1010/1764/778
f 1010/1765/779 1006/1766/779 1005/1767/779 1011/1768/779
f 1012/1768/780 1008/1767/780 1007/1766/780 1009/1765/780
f 1011/1764/781 1005/1763/781 1008/1762/781 1012/1761/781
f 1012/1760/782 1009/1759/782 1010/1758/782 1011/1757/782
o entity4_brush33
v 640.000000 -640.000305 -4064.000000
v 640.000000 -640.000305 -4032.000000
v 640.000000 -608.000305 -4032.000000
v 640.000000 -608.000305 -4064.000000
v 896.000000 -608.000305 -4032.000000
v 896.000000 -640.000305 -4032.000000
v 896.000000 -640.000305 -4064.000000
v 896.000000 -608.000305 -4064.000000
vn -1.0000 -0.0000 -0.0000
vn -0.0000 -0.0000 1.0000
vn -0.0000 -1.0000 -0.0000
vn -0.0000 1.0000 -0.0000
vn -0.0000 -0.0000 -1.0000
vn 1.0000 -0.0000 -0.0000
vt 3.968750 -0.625000
vt 3.937500 -0.625000
vt 3.937500 -0.593750
vt 3.968750 -0.593750
vt 0.875000 -0.593750
vt 0.625000 -0.593750
vt 0.625000 -0.625000
vt 0.875000 -0.625000
vt 0.875000 3.937500
vt 0.625000 3.937500
vt 0.625000 3.968750
vt 0.875000 3.968750
s 1
usemtl Tiles107_1K-JPG_Color_Gray
f 1013/1769/783 1014/1770/783 1015/1771/783 1016/1772/783
f 1017/1773/784 1015/1774/784 1014/1775/784 1018/1776/784
f 1018/1777/785 1014/1778/785 1013/1779/785 1019/1780/785
f 1020/1780/786 1016/1779/786 1015/1778/786 1017/1777/786
f 1019/1776/787 1013/1775/787 1016/1774/787 1020/1773/787
f 1020/1772/788 1017/1771/788 1018/1770/788 1019/1769/788
o entity4_brush34
v 640.000000 -640.000305 -4096.000000
v 640.000000 -640.000305 -4064.000000
v 640.000000 -592.000305 -4064.000000
v 640.000000 -592.000305 -4096.000000
v 896.000000 -592.000305 -4064.000000
v 896.000000 -640.000305 -4064.000000
v 896.000000 -640.000305 -4096.000000
v 896.000000 -592.000305 -4096.000000
vn -1.0000 -0.0000 -0.0000
vn -0.0000 -0.0000 1.0000
vn -0.0000 -1.0000 -0.0000
vn -0.0000 1.0000 -0.0000
vn -0.0000 -0.0000 -1.0000
vn 1.0000 -0.0000 -0.0000
vt 4.000000 -0.625000
vt 3.968750 -0.625000
vt 3.968750 -0.578125
vt 4.000000 -0.578125
vt 0.875000 -0.578125
vt 0.625000 -0.578125
vt 0.625000 -0.625000
vt 0.875000 -0.625000
vt 0.875000 3.968750
vt 0.625000 3.968750
vt 0.625000 4.000000
vt 0.875000 4.000000
s 1
usemtl Tiles107_1K-JPG_Color_Gray
f 1021/1781/789 1022/1782/789 1023/1783/789 1024/1784/789
f 1025/1785/790 1023/1786/790 1022/1787/790 1026/1788/790
f 1026/1789/791 1022/1790/791 1021/1791/791 1027/1792/791
f 1028/1792/792 1024/1791/792 1023/1790/792 1025/1789/792
f 1027/1788/793 1021/1787/793 1024/1786/793 1028/1785/793
f 1028/1784/794 1025/1783/794 1026/1782/794 1027/1781/794
o entity4_brush35
v 640.000000 -640.000305 -4128.000000
v 640.000000 -640.000305 -4096.000000
v 640.000000 -576.000305 -4096.000000
v 640.000000 -576.000305 -4128.000000
v 896.000000 -576.000305 -4096.000000
v 896.000000 -640.000305 -4096.000000
v 896.000000 -640.000305 -4128.000000
v 896.000000 -576.000305 -4128.000000
vn -1.0000 -0.0000 -0.0000
vn -0.0000 -0.0000 1.0000
vn -0.0000 -1.0000 -0.0000
vn -0.0000 1.0000 -0.0000
vn -0.0000 -0.0000 -1.0000
vn 1.0000 -0.0000 -0.0000
vt 4.031250 -0.625000
vt 4.000000 -0.625000
vt 4.000000 -0.562500
vt 4.031250 -0.562500
vt 0.875000 -0.562500
vt 0.625000 -0.562500
vt 0.625000 -0.625000
vt 0.875000 -0.625000
vt 0.875000 4.000000
vt 0.625000 4.000000
vt 0.625000 4.031250
vt 0.875000 4.031250
s 1
usemtl Tiles107_1K-JPG_Color_Gray
f 1029/1793/795 1030/1794/795 1031/1795/795 1032/1796/795
f 1033/1797/796 1031/1798/796 1030/1799/796 1034/1800/796
f 1034/1801/797 1030/1802/797 1029/1803/797 1035/1804/797
f 1036/1804/798 1032/1803/798 1031/1802/798 1033/1801/798
f 1035/1800/799 1029/1799/799 1032/1798/799 1036/1797/799
f 1036/1796/800 1033/1795/800 1034/1794/800 1035/1793/800
o entity4_brush36
v 640.000000 -640.000305 -4160.000000
v 640.000000 -640.000305 -4128.000000
v 640.000000 -560.000305 -4128.000000
v 640.000000 -560.000305 -4160.000000
v 896.000000 -560.000305 -4128.000000
v 896.000000 -640.000305 -4128.000000
v 896.000000 -640.000305 -4160.000000
v 896.000000 -560.000305 -4160.000000
vn -1.0000 -0.0000 -0.0000
vn -0.0000 -0.0000 1.0000
vn -0.0000 -1.0000 -0.0000
vn -0.0000 1.0000 -0.0000
vn -0.0000 -0.0000 -1.0000
vn 1.0000 -0.0000 -0.0000
vt 4.062500 -0.625000
vt 4.031250 -0.625000
vt 4.031250 -0.546875
vt 4.062500 -0.546875
vt 0.875000 -0.546875
vt 0.625000 -0.546875
vt 0.625000 -0.625000
vt 0.875000 -0.625000
vt 0.875000 4.031250
vt 0.625000 4.031250
vt 0.625000 4.062500
vt 0.875000 4.062500
s 1
usemtl Tiles107_1K-JPG_Color_Gray
f 1037/1805/801 1038/1806/801 1039/1807/801 1040/1808/801
f 1041/1809/802 1039/1810/802 1038/1811/802 1042/1812/802
f 1042/1813/803 1038/1814/803 1037/1815/803 1043/1816/803
f 1044/1816/804 1040/1815/804 1039/1814/804 1041/1813/804
f 1043/1812/805 1037/1811/805 1040/1810/805 1044/1809/805
f 1044/1808/806 1041/1807/806 1042/1806/806 1043/1805/806
o entity4_brush37
v 640.000000 -640.000305 -4192.000000
v 640.000000 -640.000305 -4160.000000
v 640.000000 -544.000305 -4160.000000
v 640.000000 -544.000305 -4192.000000
v 896.000000 -544.000305 -4160.000000
v 896.000000 -640.000305 -4160.000000
v 896.000000 -640.000305 -4192.000000
v 896.000000 -544.000305 -4192.000000
vn -1.0000 -0.0000 -0.0000
vn -0.0000 -0.0000 1.0000
vn -0.0000 -1.0000 -0.0000
vn -0.0000 1.0000 -0.0000
vn -0.0000 -0.0000 -1.0000
vn 1.0000 -0.0000 -0.0000
vt 4.093750 -0.625000
vt 4.062500 -0.625000
vt 4.062500 -0.531250
vt 4.093750 -0.531250
vt 0.875000 -0.531250
vt 0.625000 -0.531250
vt 0.625000 -0.625000
vt 0.875000 -0.625000
vt 0.875000 4.062500
vt 0.625000 4.062500
vt 0.625000 4.093750
vt 0.875000 4.093750
s 1
usemtl Tiles107_1K-JPG_Color_Gray
f 1045/1817/807 1046/1818/807 1047/1819/807 1048/1820/807
f 1049/1821/808 1047/1822/808 1046/1823/808 1050/1824/808
f 1050/1825/809 1046/1826/809 1045/1827/809 1051/1828/809
f 1052/1828/810 1048/1827/810 1047/1826/810 1049/1825/810
f 1051/1824/811 1045/1823/811 1048/1822/811 1052/1821/811
f 1052/1820/812 1049/1819/812 1050/1818/812 1051/1817/812
o entity4_brush38
v 640.000000 -640.000305 -4272.000000
v 640.000000 -640.000305 -4192.000000
v 640.000000 -528.000305 -4192.000000
v 640.000000 -528.000305 -4272.000000
v 896.000000 -528.000305 -4192.000000
v 896.000000 -640.000305 -4192.000000
v 896.000000 -640.000305 -4272.000000
v 896.000000 -528.000305 -4272.000000
vn -1.0000 -0.0000 -0.0000
vn -0.0000 -0.0000 1.0000
vn -0.0000 -1.0000 -0.0000
vn -0.0000 1.0000 -0.0000
vn -0.0000 -0.0000 -1.0000
vn 1.0000 -0.0000 -0.0000
vt 4.171875 -0.625000
vt 4.093750 -0.625000
vt 4.093750 -0.515625
vt 4.171875 -0.515625
vt 0.875000 -0.515625
vt 0.625000 -0.515625
vt 0.625000 -0.625000
vt 0.875000 -0.625000
vt 0.875000 4.093750
vt 0.625000 4.093750
vt 0.625000 4.171875
vt 0.875000 4.171875
s 1
usemtl Tiles107_1K-JPG_Color_Gray
f 1053/1829/813 1054/1830/813 1055/1831/813 1056/1832/813
f 1057/1833/814 1055/1834/814 1054/1835/814 1058/1836/814
f 1058/1837/815 1054/1838/815 1053/1839/815 1059/1840/815
f 1060/1840/816 1056/1839/816 1055/1838/816 1057/1837/816
f 1059/1836/817 1053/1835/817 1056/1834/817 1060/1833/817
f 1060/1832/818 1057/1831/818 1058/1830/818 1059/1829/818
o entity4_brush39
v 576.000000 -640.000366 -4640.000000
v 576.000000 -640.000305 -4272.000000
v 576.000000 -528.000305 -4272.000000
v 576.000000 -528.000366 -4640.000000
v 960.000000 -528.000305 -4272.000000
v 960.000000 -640.000305 -4272.000000
v 960.000000 -640.000366 -4640.000000
v 960.000000 -528.000366 -4640.000000
vn -1.0000 -0.0000 -0.0000
vn -0.0000 -0.0000 1.0000
vn -0.0000 -1.0000 -0.0000
vn -0.0000 1.0000 -0.0000
vn -0.0000 -0.0000 -1.0000
vn 1.0000 -0.0000 -0.0000
vt 4.531250 -0.625000
vt 4.171875 -0.625000
vt 4.171875 -0.515625
vt 4.531250 -0.515625
vt 0.937500 -0.515625
vt 0.562500 -0.515625
vt 0.562500 -0.625000
vt 0.937500 -0.625000
vt 0.937500 4.171875
vt 0.562500 4.171875
vt 0.562500 4.531250
vt 0.937500 4.531250
s 1
usemtl Tiles107_1K-JPG_Color_Gray
f 1061/1841/819 1062/1842/819 1063/1843/819 1064/1844/819
f 1065/1845/820 1063/1846/820 1062/1847/820 1066/1848/820
f 1066/1849/821 1062/1850/821 1061/1851/821 1067/1852/821
f 1068/1852/822 1064/1851/822 1063/1850/822 1065/1849/822
f 1067/1848/823 1061/1847/823 1064/1846/823 1068/1845/823
f 1068/1844/824 1065/1843/824 1066/1842/824 1067/1841/824
o entity4_brush4
v 224.000000 -800.000000 -383.999939
v 224.000000 -800.000000 -351.999939
v 224.000000 672.000000 -352.000061
v 224.000000 672.000000 -384.000061
v 1280.000000 672.000000 -352.000061
v 1280.000000 -800.000000 -351.999939
v 1280.000000 -800.000000 -383.999939
v 1280.000000 672.000000 -384.000061
vn -1.0000 -0.0000 -0.0000
vn -0.0000 -0.0000 1.0000
vn -0.0000 -1.0000 -0.0000
vn -0.0000 1.0000 -0.0000
vn -0.0000 -0.0000 -1.0000
vn 1.0000 -0.0000 -0.0000
vt -0.187500 -0.125000
vt -0.203125 -0.125000
vt -0.203125 1.312500
vt -0.187500 1.312500
vt 0.250000 0.060600
vt -0.265625 0.060600
vt -0.265625 -0.007390
vt 0.250000 -0.007390
vt 1.906250 0.045819
vt 0.875000 0.045819
vt 0.875000 0.047297
vt 1.906250 0.047297
s 1
usemtl Tiles107_1K-JPG_Color_Gray
f 1069/1853/825 1070/1854/825 1071/1855/825 1072/1856/825
f 1073/1857/826 1071/1858/826 1070/1859/826 1074/1860/826
f 1074/1861/827 1070/1862/827 1069/1863/827 1075/1864/827
f 1076/1864/828 1072/1863/828 1071/1862/828 1073/1861/828
f 1075/1860/829 1069/1859/829 1072/1858/829 1076/1857/829
f 1076/1856/830 1073/1855/830 1074/1854/830 1075/1853/830
o entity4_brush40
v 640.000000 -528.000366 -4592.000000
v 640.000000 -528.000305 -4336.000000
v 640.000000 -512.000305 -4336.000000
v 640.000000 -512.000366 -4592.000000
v 896.000000 -512.000305 -4336.000000
v 896.000000 -528.000305 -4336.000000
v 896.000000 -528.000366 -4592.000000
v 896.000000 -512.000366 -4592.000000
vn -1.0000 -0.0000 -0.0000
vn -0.0000 -0.0000 1.0000
vn -0.0000 -1.0000 -0.0000
vn -0.0000 1.0000 -0.0000
vn -0.0000 -0.0000 -1.0000
vn 1.0000 -0.0000 -0.0000
vt 4.484375 -0.515625
vt 4.234375 -0.515625
vt 4.234375 -0.500000
vt 4.484375 -0.500000
vt 0.875000 -0.500000
vt 0.625000 -0.500000
vt 0.625000 -0.515625
vt 0.875000 -0.515625
vt 0.875000 4.234375
vt 0.625000 4.234375
vt 0.625000 4.484375
vt 0.875000 4.484375
s 1
usemtl Tiles107_1K-JPG_Color_Gray
f 1077/1865/831 1078/1866/831 1079/1867/831 1080/1868/831
f 1081/1869/832 1079/1870/832 1078/1871/832 1082/1872/832
f 1082/1873/833 1078/1874/833 1077/1875/833 1083/1876/833
f 1084/1876/834 1080/1875/834 1079/1874/834 1081/1873/834
f 1083/1872/835 1077/1871/835 1080/1870/835 1084/1869/835
f 1084/1868/836 1081/1867/836 1082/1866/836 1083/1865/836
o entity4_trophy41
v 816.000000 -368.000336 -4480.000000
v 816.000000 -368.000336 -4448.000000
v 816.000000 -352.000336 -4448.000000
v 816.000000 -352.000336 -4480.000000
v 848.000000 -336.000336 -4480.000000
v 848.000000 -336.000336 -4448.000000
v 848.000000 -368.000336 -4448.000000
v 848.000000 -368.000336 -4480.000000
vn -1.0000 -0.0000 -0.0000
vn -0.4472 0.8944 -0.0000
vn -0.0000 -0.0000 1.0000
vn -0.0000 -1.0000 -0.0000
vn -0.0000 -0.0000 -1.0000
vn 1.0000 -0.0000 -0.0000
vt 4.375000 -0.359375
vt 4.343750 -0.359375
vt 4.343750 -0.343750
vt 4.375000 -0.343750
vt 0.828125 4.375000
vt 0.796875 4.375000
vt 0.796875 4.343750
vt 0.828125 4.343750
vt 0.828125 -0.328125
vt 0.796875 -0.343750
vt 0.796875 -0.359375
vt 0.828125 -0.359375
vt 4.375000 -0.328125
vt 4.343750 -0.328125
s 1
usemtl Ice002_1K-JPG_Color
f 1085/1877/837 1086/1878/837 1087/1879/837 1088/1880/837
f 1089/1881/838 1088/1882/838 1087/1883/838 1090/1884/838
f 1090/1885/839 1087/1886/839 1086/1887/839 1091/1888/839
f 1091/1884/840 1086/1883/840 1085/1882/840 1092/1881/840
f 1092/1888/841 1085/1887/841 1088/1886/841 1089/1885/841
f 1091/1878/842 1092/1877/842 1089/1889/842 1090/1890/842
o entity4_trophy42
v 832.000000 -416.000336 -4480.000000
v 832.000000 -416.000336 -4448.000000
v 832.000000 -368.000336 -4448.000000
v 832.000000 -368.000336 -4480.000000
v 848.000000 -368.000336 -4448.000000
v 848.000000 -416.000336 -4448.000000
v 848.000000 -416.000336 -4480.000000
v 848.000000 -368.000336 -4480.000000
vn -1.0000 -0.0000 -0.0000
vn -0.0000 -0.0000 1.0000
vn -0.0000 -1.0000 -0.0000
vn -0.0000 1.0000 -0.0000
vn -0.0000 -0.0000 -1.0000
vn 1.0000 -0.0000 -0.0000
vt 4.375000 -0.406250
vt 4.343750 -0.406250
vt 4.343750 -0.359375
vt 4.375000 -0.359375
vt 0.828125 -0.359375
vt 0.812500 -0.359375
vt 0.812500 -0.406250
vt 0.828125 -0.406250
vt 0.828125 4.343750
vt 0.812500 4.343750
vt 0.812500 4.375000
vt 0.828125 4.375000
s 1
usemtl Ice002_1K-JPG_Color
f 1093/1891/843 1094/1892/843 1095/1893/843 1096/1894/843
f 1097/1895/844 1095/1896/844 1094/1897/844 1098/1898/844
f 1098/1899/845 1094/1900/845 1093/1901/845 1099/1902/845
f 1100/1902/846 1096/1901/846 1095/1900/846 1097/1899/846
f 1099/1898/847 1093/1897/847 1096/1896/847 1100/1895/847
f 1100/1894/848 1097/1893/848 1098/1892/848 1099/1891/848
o entity4_trophy43
v 816.000000 -432.000336 -4480.000000
v 816.000000 -432.000336 -4448.000000
v 816.000000 -416.000336 -4448.000000
v 816.000000 -416.000336 -4480.000000
v 848.000000 -416.000336 -4448.000000
v 832.000000 -432.000336 -4448.000000
v 832.000000 -432.000336 -4480.000000
v 848.000000 -416.000336 -4480.000000
vn -1.0000 -0.0000 -0.0000
vn -0.0000 -0.0000 1.0000
vn -0.0000 -1.0000 -0.0000
vn -0.0000 1.0000 -0.0000
vn -0.0000 -0.0000 -1.0000
vn 0.7071 -0.7071 -0.0000
vt 4.375000 -0.421875
vt 4.343750 -0.421875
vt 4.343750 -0.406250
vt 4.375000 -0.406250
vt 0.828125 -0.406250
vt 0.796875 -0.406250
vt 0.796875 -0.421875
vt 0.812500 -0.421875
vt 0.812500 4.343750
vt 0.796875 4.343750
vt 0.796875 4.375000
vt 0.812500 4.375000
vt 0.828125 4.375000
vt 0.828125 4.343750
vt 1.375000 3.593750
vt 1.375000 3.562500
vt 1.359375 3.562500
vt 1.359375 3.593750
s 1
usemtl Ice002_1K-JPG_Color
f 1101/1903/849 1102/1904/849 1103/1905/849 1104/1906/849
f 1105/1907/850 1103/1908/850 1102/1909/850 1106/1910/850
f 1106/1911/851 1102/1912/851 1101/1913/851 1107/1914/851
f 1108/1915/852 1104/1913/852 1103/1912/852 1105/1916/852
f 1107/1910/853 1101/1909/853 1104/1908/853 1108/1907/853
f 1108/1917/854 1105/1918/854 1106/1919/854 1107/1920/854
o entity4_trophy44
v 688.000000 -416.000336 -4480.000000
v 688.000000 -416.000336 -4448.000000
v 688.000000 -368.000336 -4448.000000
v 688.000000 -368.000336 -4480.000000
v 704.000000 -368.000336 -4448.000000
v 704.000000 -416.000336 -4448.000000
v 704.000000 -416.000336 -4480.000000
v 704.000000 -368.000336 -4480.000000
vn -1.0000 -0.0000 -0.0000
vn -0.0000 -0.0000 1.0000
vn -0.0000 -1.0000 -0.0000
vn -0.0000 1.0000 -0.0000
vn -0.0000 -0.0000 -1.0000
vn 1.0000 -0.0000 -0.0000
vt 4.375000 -0.406250
vt 4.343750 -0.406250
vt 4.343750 -0.359375
vt 4.375000 -0.359375
vt 0.687500 -0.359375
vt 0.671875 -0.359375
vt 0.671875 -0.406250
vt 0.687500 -0.406250
vt 0.687500 4.343750
vt 0.671875 4.343750
vt 0.671875 4.375000
vt 0.687500 4.375000
s 1
usemtl Ice002_1K-JPG_Color
f 1109/1921/855 1110/1922/855 1111/1923/855 1112/1924/855
f 1113/1925/856 1111/1926/856 1110/1927/856 1114/1928/856
f 1114/1929/857 1110/1930/857 1109/1931/857 1115/1932/857
f 1116/1932/858 1112/1931/858 1111/1930/858 1113/1929/858
f 1115/1928/859 1109/1927/859 1112/1926/859 1116/1925/859
f 1116/1924/860 1113/1923/860 1114/1922/860 1115/1921/860
o entity4_trophy45
v 688.000000 -336.000336 -4480.000000
v 688.000000 -368.000336 -4480.000000
v 688.000000 -368.000336 -4448.000000
v 688.000000 -336.000336 -4448.000000
v 720.000000 -352.000336 -4448.000000
v 720.000000 -368.000336 -4448.000000
v 720.000000 -368.000336 -4480.000000
v 720.000000 -352.000336 -4480.000000
vn -1.0000 -0.0000 -0.0000
vn -0.0000 -0.0000 1.0000
vn -0.0000 -1.0000 -0.0000
vn -0.0000 -0.0000 -1.0000
vn 0.4472 0.8944 -0.0000
vn 1.0000 -0.0000 -0.0000
vt 4.375000 -0.328125
vt 4.375000 -0.359375
vt 4.343750 -0.359375
vt 4.343750 -0.328125
vt 0.703125 -0.343750
vt 0.671875 -0.328125
vt 0.671875 -0.359375
vt 0.703125 -0.359375
vt 0.703125 4.343750
vt 0.671875 4.343750
vt 0.671875 4.375000
vt 0.703125 4.375000
vt 4.375000 -0.343750
vt 4.343750 -0.343750
s 1
usemtl Ice002_1K-JPG_Color
f 1117/1933/861 1118/1934/861 1119/1935/861 1120/1936/861
f 1121/1937/862 1120/1938/862 1119/1939/862 1122/1940/862
f 1122/1941/863 1119/1942/863 1118/1943/863 1123/1944/863
f 1123/1940/864 1118/1939/864 1117/1938/864 1124/1937/864
f 1124/1944/865 1117/1943/865 1120/1942/865 1121/1941/865
f 1123/1934/866 1124/1945/866 1121/1946/866 1122/1935/866
o entity4_trophy46
v 704.000000 -432.000336 -4480.000000
v 704.000000 -432.000336 -4448.000000
v 688.000000 -416.000336 -4448.000000
v 688.000000 -416.000336 -4480.000000
v 720.000000 -416.000336 -4448.000000
v 720.000000 -432.000336 -4448.000000
v 720.000000 -432.000336 -4480.000000
v 720.000000 -416.000336 -4480.000000
vn -0.7071 -0.7071 -0.0000
vn -0.0000 -0.0000 1.0000
vn -0.0000 -1.0000 -0.0000
vn -0.0000 1.0000 -0.0000
vn -0.0000 -0.0000 -1.0000
vn 1.0000 -0.0000 -0.0000
vt 1.359375 3.593750
vt 1.359375 3.562500
vt 1.343750 3.562500
vt 1.343750 3.593750
vt 0.703125 -0.406250
vt 0.671875 -0.406250
vt 0.687500 -0.421875
vt 0.703125 -0.421875
vt 0.703125 4.343750
vt 0.687500 4.343750
vt 0.687500 4.375000
vt 0.703125 4.375000
vt 0.671875 4.375000
vt 0.671875 4.343750
vt 4.375000 -0.406250
vt 4.343750 -0.406250
vt 4.343750 -0.421875
vt 4.375000 -0.421875
s 1
usemtl Ice002_1K-JPG_Color
f 1125/1947/867 1126/1948/867 1127/1949/867 1128/1950/867
f 1129/1951/868 1127/1952/868 1126/1953/868 1130/1954/868
f 1130/1955/869 1126/1956/869 1125/1957/869 1131/1958/869
f 1132/1958/870 1128/1959/870 1127/1960/870 1129/1955/870
f 1131/1954/871 1125/1953/871 1128/1952/871 1132/1951/871
f 1132/1961/872 1129/1962/872 1130/1963/872 1131/1964/872
o entity4_trophy47
v 752.000000 -432.000336 -4469.333496
v 752.000000 -496.000336 -4469.333496
v 752.000000 -496.000336 -4458.666504
v 752.000000 -432.000336 -4458.666504
v 762.666687 -496.000336 -4448.000000
v 762.666687 -432.000336 -4448.000000
v 762.666687 -496.000336 -4480.000000
v 762.666687 -432.000336 -4480.000000
v 773.333313 -432.000336 -4448.000000
v 773.333313 -496.000336 -4448.000000
v 784.000000 -496.000336 -4458.666504
v 773.333313 -496.000336 -4480.000000
v 784.000000 -496.000336 -4469.333496
v 784.000000 -432.000336 -4469.333496
v 773.333313 -432.000336 -4480.000000
v 784.000000 -432.000336 -4458.666504
vn -1.0000 -0.0000 -0.0000
vn -0.7071 -0.0000 0.7071
vn -0.7071 -0.0000 -0.7071
vn -0.0000 -0.0000 1.0000
vn -0.0000 -1.0000 -0.0000
vn -0.0000 1.0000 -0.0000
vn -0.0000 -0.0000 -1.0000
vn 0.7071 -0.0000 -0.7071
vn 0.7071 -0.0000 0.7071
vn 1.0000 -0.0000 -0.0000
vt 4.364583 -0.421875
vt 4.364583 -0.484375
vt 4.354167 -0.484375
vt 4.354167 -0.421875
vt 0.093750 -0.421875
vt 0.093750 -0.484375
vt 0.104167 -0.484375
vt 0.104167 -0.421875
vt 0.041667 -0.484375
vt 0.031250 -0.484375
vt 0.031250 -0.421875
vt 0.041667 -0.421875
vt 0.755208 -0.421875
vt 0.744792 -0.421875
vt 0.744792 -0.484375
vt 0.755208 -0.484375
vt 0.765625 4.354167
vt 0.755208 4.343750
vt 0.744792 4.343750
vt 0.734375 4.354167
vt 0.734375 4.364583
vt 0.744792 4.375000
vt 0.755208 4.375000
vt 0.765625 4.364583
vt 0.187500 -0.484375
vt 0.177083 -0.484375
vt 0.177083 -0.421875
vt 0.187500 -0.421875
vt 0.250000 -0.421875
vt 0.239583 -0.421875
vt 0.239583 -0.484375
vt 0.250000 -0.484375
s 1
usemtl Ice002_1K-JPG_Color
f 1133/1965/873 1134/1966/873 1135/1967/873 1136/1968/873
f 1136/1969/874 1135/1970/874 1137/1971/874 1138/1972/874
f 1139/1973/875 1134/1974/875 1133/1975/875 1140/1976/875
f 1141/1977/876 1138/1978/876 1137/1979/876 1142/1980/876
f 1143/1981/877 1142/1982/877 1137/1983/877 1135/1984/877 1134/1985/877 1139/1986/877 1144/1987/877 1145/1988/877
f 1146/1988/878 1147/1987/878 1140/1986/878 1133/1985/878 1136/1984/878 1138/1983/878 1141/1982/878 1148/1981/878
f 1144/1980/879 1139/1979/879 1140/1978/879 1147/1977/879
f 1145/1989/880 1144/1990/880 1147/1991/880 1146/1992/880
f 1148/1993/881 1141/1994/881 1142/1995/881 1143/1996/881
f 1145/1966/882 1146/1965/882 1148/1968/882 1143/1967/882
o entity4_trophy48
v 736.000000 -496.000336 -4474.666504
v 736.000000 -512.000366 -4474.666504
v 736.000000 -512.000366 -4453.333496
v 736.000000 -496.000336 -4453.333496
v 757.333313 -512.000305 -4432.000000
v 757.333313 -496.000336 -4432.000000
v 757.333313 -512.000366 -4496.000000
v 757.333313 -496.000336 -4496.000000
v 778.666687 -496.000336 -4432.000000
v 778.666687 -512.000305 -4432.000000
v 800.000000 -512.000366 -4453.333496
v 778.666687 -512.000366 -4496.000000
v 800.000000 -512.000366 -4474.666504
v 800.000000 -496.000336 -4474.666504
v 778.666687 -496.000336 -4496.000000
v 800.000000 -496.000336 -4453.333496
vn -1.0000 -0.0000 -0.0000
vn -0.7071 -0.0000 0.7071
vn -0.7071 -0.0000 -0.7071
vn -0.0000 -0.0000 1.0000
vn -0.0000 -1.0000 -0.0000
vn -0.0000 1.0000 -0.0000
vn -0.0000 -0.0000 -1.0000
vn 0.7071 -0.0000 -0.7071
vn 0.7071 -0.0000 0.7071
vn 1.0000 -0.0000 -0.0000
vt 4.369792 -0.484375
vt 4.369792 -0.500000
vt 4.348958 -0.500000
vt 4.348958 -0.484375
vt 3.708333 -0.484375
vt 3.708333 -0.500000
vt 3.687500 -0.500000
vt 3.687500 -0.484375
vt 0.036458 -0.500000
vt 0.015625 -0.500000
vt 0.015625 -0.484375
vt 0.036458 -0.484375
vt 0.760417 -0.484375
vt 0.739583 -0.484375
vt 0.739583 -0.500000
vt 0.760417 -0.500000
vt 0.781250 4.348958
vt 0.760417 4.328125
vt 0.739583 4.328125
vt 0.718750 4.348958
vt 0.718750 4.369792
vt 0.739583 4.390625
vt 0.760417 4.390625
vt 0.781250 4.369792
vt 0.203125 -0.500000
vt 0.182292 -0.500000
vt 0.182292 -0.484375
vt 0.203125 -0.484375
vt 3.833333 -0.484375
vt 3.812500 -0.484375
vt 3.812500 -0.500000
vt 3.833333 -0.500000
s 1
usemtl Ice002_1K-JPG_Color
f 1149/1997/883 1150/1998/883 1151/1999/883 1152/2000/883
f 1152/2001/884 1151/2002/884 1153/2003/884 1154/2004/884
f 1155/2005/885 1150/2006/885 1149/2007/885 1156/2008/885
f 1157/2009/886 1154/2010/886 1153/2011/886 1158/2012/886
f 1159/2013/887 1158/2014/887 1153/2015/887 1151/2016/887 1150/2017/887 1155/2018/887 1160/2019/887 1161/2020/887
f 1162/2020/888 1163/2019/888 1156/2018/888 1149/2017/888 1152/2016/888 1154/2015/888 1157/2014/888 1164/2013/888
f 1160/2012/889 1155/2011/889 1156/2010/889 1163/2009/889
f 1161/2021/890 1160/2022/890 1163/2023/890 1162/2024/890
f 1164/2025/891 1157/2026/891 1158/2027/891 1159/2028/891
f 1161/1998/892 1162/1997/892 1164/2000/892 1159/1999/892
o entity4_trophy49
v 800.000000 -432.000336 -4496.000000
v 800.000000 -432.000336 -4432.000000
v 800.000000 -352.000336 -4432.000000
v 800.000000 -352.000336 -4496.000000
v 816.000000 -432.000336 -4448.000000
v 816.000000 -432.000336 -4480.000000
v 816.000000 -352.000336 -4480.000000
v 816.000000 -352.000336 -4448.000000
vn -1.0000 -0.0000 -0.0000
vn -0.0000 -1.0000 -0.0000
vn -0.0000 1.0000 -0.0000
vn 0.7071 -0.0000 0.7071
vn 0.7071 -0.0000 -0.7071
vn 1.0000 -0.0000 -0.0000
vt 4.390625 -0.421875
vt 4.328125 -0.421875
vt 4.328125 -0.343750
vt 4.390625 -0.343750
vt 0.796875 4.343750
vt 0.781250 4.328125
vt 0.781250 4.390625
vt 0.796875 4.375000
vt 3.828125 -0.343750
vt 3.812500 -0.343750
vt 3.812500 -0.421875
vt 3.828125 -0.421875
vt 3.796875 -0.421875
vt 3.796875 -0.343750
vt 4.375000 -0.421875
vt 4.375000 -0.343750
vt 4.343750 -0.343750
vt 4.343750 -0.421875
s 1
usemtl Ice002_1K-JPG_Color
f 1165/2029/893 1166/2030/893 1167/2031/893 1168/2032/893
f 1169/2033/894 1166/2034/894 1165/2035/894 1170/2036/894
f 1171/2036/895 1168/2035/895 1167/2034/895 1172/2033/895
f 1172/2037/896 1167/2038/896 1166/2039/896 1169/2040/896
f 1170/2041/897 1165/2039/897 1168/2038/897 1171/2042/897
f 1170/2043/898 1171/2044/898 1172/2045/898 1169/2046/898
o entity4_brush5
v 256.000000 -672.000122 -1472.000000
v 256.000000 -736.000122 -1472.000000
v 256.000000 -800.000061 -1023.999939
v 256.000000 -736.000061 -1023.999939
v 384.000000 -800.000061 -1023.999939
v 384.000000 -736.000122 -1472.000000
vn -1.0000 -0.0000 -0.0000
vn -0.0000 -0.0000 1.0000
vn -0.0000 -0.9899 -0.1414
vn -0.0000 -0.0000 -1.0000
vn 0.4436 0.8872 0.1267
vt 0.875000 -0.462500
vt 0.875000 -0.487500
vt 0.437500 -0.512500
vt 0.437500 -0.487500
vt 0.250000 -0.487500
vt 0.250000 -0.512500
vt 0.375000 -0.512500
vt 0.375000 0.437500
vt 0.250000 0.437500
vt 0.250000 0.875000
vt 0.375000 0.875000
vt 0.375000 -0.487500
vt 0.250000 -0.462500
s 1
usemtl Tiles108_1K-JPG_Color
f 1173/2047/899 1174/2048/899 1175/2049/899 1176/2050/899
f 1176/2051/900 1175/2052/900 1177/2053/900
f 1177/2054/901 1175/2055/901 1174/2056/901 1178/2057/901
f 1178/2058/902 1174/2051/902 1173/2059/902
f 1173/2056/903 1176/2055/903 1177/2054/903 1178/2057/903
o entity4_trophy50
v 720.000000 -352.000336 -4480.000000
v 720.000000 -432.000336 -4480.000000
v 720.000000 -432.000336 -4448.000000
v 720.000000 -352.000336 -4448.000000
v 736.000000 -352.000336 -4432.000000
v 736.000000 -432.000336 -4432.000000
v 736.000000 -432.000336 -4496.000000
v 736.000000 -352.000336 -4496.000000
vn -1.0000 -0.0000 -0.0000
vn -0.7071 -0.0000 0.7071
vn -0.7071 -0.0000 -0.7071
vn -0.0000 -1.0000 -0.0000
vn -0.0000 1.0000 -0.0000
vn 1.0000 -0.0000 -0.0000
vt 4.375000 -0.343750
vt 4.375000 -0.421875
vt 4.343750 -0.421875
vt 4.343750 -0.343750
vt 3.687500 -0.343750
vt 3.703125 -0.343750
vt 3.703125 -0.421875
vt 3.687500 -0.421875
vt 3.671875 -0.421875
vt 3.671875 -0.343750
vt 0.718750 4.328125
vt 0.703125 4.343750
vt 0.703125 4.375000
vt 0.718750 4.390625
vt 4.328125 -0.343750
vt 4.328125 -0.421875
vt 4.390625 -0.421875
vt 4.390625 -0.343750
s 1
usemtl Ice002_1K-JPG_Color
f 1179/2060/904 1180/2061/904 1181/2062/904 1182/2063/904
f 1183/2064/905 1182/2065/905 1181/2066/905 1184/2067/905
f 1185/2067/906 1180/2068/906 1179/2069/906 1186/2064/906
f 1184/2070/907 1181/2071/907 1180/2072/907 1185/2073/907
f 1186/2073/908 1179/2072/908 1182/2071/908 1183/2070/908
f 1183/2074/909 1184/2075/909 1185/2076/909 1186/2077/909
o entity4_trophy51
v 800.000000 -432.000336 -4453.333496
v 762.666687 -432.000336 -4416.000000
v 762.666687 -352.000336 -4416.000000
v 800.000000 -352.000336 -4453.333496
v 784.000000 -352.000336 -4416.000000
v 784.000000 -432.000336 -4416.000000
v 800.000000 -432.000336 -4432.000000
v 800.000000 -352.000336 -4432.000000
vn -0.7071 -0.0000 -0.7071
vn -0.0000 -0.0000 1.0000
vn -0.0000 -1.0000 -0.0000
vn -0.0000 1.0000 -0.0000
vn 0.7071 -0.0000 0.7071
vn 1.0000 -0.0000 -0.0000
vt 3.833333 -0.421875
vt 3.796875 -0.421875
vt 3.796875 -0.343750
vt 3.833333 -0.343750
vt 0.765625 -0.343750
vt 0.744792 -0.343750
vt 0.744792 -0.421875
vt 0.765625 -0.421875
vt 0.781250 4.328125
vt 0.765625 4.312500
vt 0.744792 4.312500
vt 0.781250 4.348958
vt 3.812500 -0.343750
vt 3.812500 -0.421875
vt 4.348958 -0.421875
vt 4.348958 -0.343750
vt 4.328125 -0.343750
vt 4.328125 -0.421875
s 1
usemtl Ice002_1K-JPG_Color
f 1187/2078/910 1188/2079/910 1189/2080/910 1190/2081/910
f 1191/2082/911 1189/2083/911 1188/2084/911 1192/2085/911
f 1193/2086/912 1192/2087/912 1188/2088/912 1187/2089/912
f 1190/2089/913 1189/2088/913 1191/2087/913 1194/2086/913
f 1194/2090/914 1191/2080/914 1192/2079/914 1193/2091/914
f 1187/2092/915 1190/2093/915 1194/2094/915 1193/2095/915
o entity4_trophy52
v 736.000000 -352.000336 -4474.666504
v 736.000000 -352.000336 -4496.000000
v 736.000000 -432.000336 -4496.000000
v 736.000000 -432.000336 -4474.666504
v 752.000000 -432.000336 -4512.000000
v 752.000000 -352.000336 -4512.000000
v 773.333313 -432.000336 -4512.000000
v 773.333313 -352.000336 -4512.000000
vn -1.0000 -0.0000 -0.0000
vn -0.7071 -0.0000 -0.7071
vn -0.0000 -1.0000 -0.0000
vn -0.0000 1.0000 -0.0000
vn -0.0000 -0.0000 -1.0000
vn 0.7071 -0.0000 0.7071
vt 4.369792 -0.343750
vt 4.390625 -0.343750
vt 4.390625 -0.421875
vt 4.369792 -0.421875
vt 3.703125 -0.421875
vt 3.687500 -0.421875
vt 3.687500 -0.343750
vt 3.703125 -0.343750
vt 0.718750 4.369792
vt 0.718750 4.390625
vt 0.734375 4.406250
vt 0.755208 4.406250
vt 0.755208 -0.421875
vt 0.734375 -0.421875
vt 0.734375 -0.343750
vt 0.755208 -0.343750
vt 0.052083 -0.343750
vt 0.015625 -0.343750
vt 0.015625 -0.421875
vt 0.052083 -0.421875
s 1
usemtl Ice002_1K-JPG_Color
f 1195/2096/916 1196/2097/916 1197/2098/916 1198/2099/916
f 1199/2100/917 1197/2101/917 1196/2102/917 1200/2103/917
f 1198/2104/918 1197/2105/918 1199/2106/918 1201/2107/918
f 1202/2107/919 1200/2106/919 1196/2105/919 1195/2104/919
f 1201/2108/920 1199/2109/920 1200/2110/920 1202/2111/920
f 1202/2112/921 1195/2113/921 1198/2114/921 1201/2115/921
o entity4_trophy53
v 736.000000 -432.000336 -4453.333496
v 736.000000 -432.000336 -4432.000000
v 736.000000 -352.000336 -4432.000000
v 736.000000 -352.000336 -4453.333496
v 752.000000 -432.000336 -4416.000000
v 752.000000 -352.000336 -4416.000000
v 762.666687 -352.000336 -4416.000000
v 762.666687 -432.000336 -4416.000000
v 768.000000 -432.000336 -4421.333496
v 768.000000 -352.000336 -4421.333496
vn -1.0000 -0.0000 -0.0000
vn -0.7071 -0.0000 0.7071
vn -0.0000 -0.0000 1.0000
vn -0.0000 -1.0000 -0.0000
vn -0.0000 1.0000 -0.0000
vn 0.7071 -0.0000 -0.7071
vn 0.7071 -0.0000 0.7071
vt 4.348958 -0.421875
vt 4.328125 -0.421875
vt 4.328125 -0.343750
vt 4.348958 -0.343750
vt 3.687500 -0.343750
vt 3.687500 -0.421875
vt 3.671875 -0.421875
vt 3.671875 -0.343750
vt 0.744792 -0.343750
vt 0.734375 -0.343750
vt 0.734375 -0.421875
vt 0.744792 -0.421875
vt 0.744792 4.312500
vt 0.734375 4.312500
vt 0.718750 4.328125
vt 0.718750 4.348958
vt 0.750000 4.317708
vt 3.677083 -0.421875
vt 3.708333 -0.421875
vt 3.708333 -0.343750
vt 3.677083 -0.343750
vt 3.802083 -0.343750
vt 3.796875 -0.343750
vt 3.796875 -0.421875
vt 3.802083 -0.421875
s 1
usemtl Ice002_1K-JPG_Color
f 1203/2116/922 1204/2117/922 1205/2118/922 1206/2119/922
f 1205/2120/923 1204/2121/923 1207/2122/923 1208/2123/923
f 1209/2124/924 1208/2125/924 1207/2126/924 1210/2127/924
f 1210/2128/925 1207/2129/925 1204/2130/925 1203/2131/925 1211/2132/925
f 1212/2132/926 1206/2131/926 1205/2130/926 1208/2129/926 1209/2128/926
f 1211/2133/927 1203/2134/927 1206/2135/927 1212/2136/927
f 1212/2137/928 1209/2138/928 1210/2139/928 1211/2140/928
o entity4_trophy54
v 773.333313 -432.000336 -4512.000000
v 768.000000 -432.000336 -4506.666504
v 768.000000 -352.000336 -4506.666504
v 773.333313 -352.000336 -4512.000000
v 800.000000 -352.000336 -4474.666504
v 800.000000 -432.000336 -4474.666504
v 784.000000 -432.000336 -4512.000000
v 800.000000 -432.000336 -4496.000000
v 800.000000 -352.000336 -4496.000000
v 784.000000 -352.000336 -4512.000000
vn -0.7071 -0.0000 -0.7071
vn -0.7071 -0.0000 0.7071
vn -0.0000 -1.0000 -0.0000
vn -0.0000 1.0000 -0.0000
vn -0.0000 -0.0000 -1.0000
vn 0.7071 -0.0000 -0.7071
vn 1.0000 -0.0000 -0.0000
vt 3.703125 -0.421875
vt 3.697917 -0.421875
vt 3.697917 -0.343750
vt 3.703125 -0.343750
vt 0.203125 -0.343750
vt 0.171875 -0.343750
vt 0.171875 -0.421875
vt 0.203125 -0.421875
vt 0.781250 4.369792
vt 0.750000 4.401042
vt 0.755208 4.406250
vt 0.765625 4.406250
vt 0.781250 4.390625
vt 0.765625 -0.421875
vt 0.755208 -0.421875
vt 0.755208 -0.343750
vt 0.765625 -0.343750
vt 3.812500 -0.421875
vt 3.828125 -0.421875
vt 3.828125 -0.343750
vt 3.812500 -0.343750
vt 4.369792 -0.421875
vt 4.390625 -0.421875
vt 4.390625 -0.343750
vt 4.369792 -0.343750
s 1
usemtl Ice002_1K-JPG_Color
f 1213/2141/929 1214/2142/929 1215/2143/929 1216/2144/929
f 1217/2145/930 1215/2146/930 1214/2147/930 1218/2148/930
f 1218/2149/931 1214/2150/931 1213/2151/931 1219/2152/931 1220/2153/931
f 1221/2153/932 1222/2152/932 1216/2151/932 1215/2150/932 1217/2149/932
f 1219/2154/933 1213/2155/933 1216/2156/933 1222/2157/933
f 1220/2158/934 1219/2159/934 1222/2160/934 1221/2161/934
f 1218/2162/935 1220/2163/935 1221/2164/935 1217/2165/935
o entity4_trophy55
v 768.000000 -432.000336 -4506.666504
v 757.333313 -432.000336 -4496.000000
v 757.333313 -352.000336 -4496.000000
v 768.000000 -352.000336 -4506.666504
v 778.666687 -352.000336 -4496.000000
v 778.666687 -432.000336 -4496.000000
vn -0.7071 -0.0000 -0.7071
vn -0.0000 -0.0000 1.0000
vn -0.0000 -1.0000 -0.0000
vn -0.0000 1.0000 -0.0000
vn 0.7071 -0.0000 -0.7071
vt 0.046875 -0.421875
vt 0.036458 -0.421875
vt 0.036458 -0.343750
vt 0.046875 -0.343750
vt 0.760417 -0.343750
vt 0.739583 -0.343750
vt 0.739583 -0.421875
vt 0.760417 -0.421875
vt 0.760417 4.390625
vt 0.739583 4.390625
vt 0.750000 4.401042
vt 0.182292 -0.421875
vt 0.171875 -0.421875
vt 0.171875 -0.343750
vt 0.182292 -0.343750
s 1
usemtl Ice002_1K-JPG_Color
f 1223/2166/936 1224/2167/936 1225/2168/936 1226/2169/936
f 1227/2170/937 1225/2171/937 1224/2172/937 1228/2173/937
f 1228/2174/938 1224/2175/938 1223/2176/938
f 1226/2176/939 1225/2175/939 1227/2174/939
f 1228/2177/940 1223/2178/940 1226/2179/940 1227/2180/940
o entity4_trophy56
v 768.000000 -352.000336 -4421.333496
v 757.333313 -352.000336 -4432.000000
v 757.333313 -432.000336 -4432.000000
v 768.000000 -432.000336 -4421.333496
v 778.666687 -432.000336 -4432.000000
v 778.666687 -352.000336 -4432.000000
vn -0.7071 -0.0000 0.7071
vn -0.0000 -1.0000 -0.0000
vn -0.0000 1.0000 -0.0000
vn -0.0000 -0.0000 -1.0000
vn 0.7071 -0.0000 0.7071
vt 3.677083 -0.343750
vt 3.687500 -0.343750
vt 3.687500 -0.421875
vt 3.677083 -0.421875
vt 0.750000 4.317708
vt 0.739583 4.328125
vt 0.760417 4.328125
vt 0.760417 -0.421875
vt 0.739583 -0.421875
vt 0.739583 -0.343750
vt 0.760417 -0.343750
vt 0.234375 -0.343750
vt 0.234375 -0.421875
vt 0.244792 -0.421875
vt 0.244792 -0.343750
s 1
usemtl Ice002_1K-JPG_Color
f 1229/2181/941 1230/2182/941 1231/2183/941 1232/2184/941
f 1232/2185/942 1231/2186/942 1233/2187/942
f 1234/2187/943 1230/2186/943 1229/2185/943
f 1233/2188/944 1231/2189/944 1230/2190/944 1234/2191/944
f 1229/2192/945 1232/2193/945 1233/2194/945 1234/2195/945
o entity4_trophy57
v 736.000000 -416.000336 -4474.666504
v 736.000000 -432.000336 -4474.666504
v 736.000000 -432.000336 -4453.333496
v 736.000000 -416.000336 -4453.333496
v 757.333313 -432.000336 -4432.000000
v 757.333313 -416.000336 -4432.000000
v 757.333313 -432.000336 -4496.000000
v 757.333313 -416.000336 -4496.000000
v 778.666687 -416.000336 -4432.000000
v 778.666687 -432.000336 -4432.000000
v 800.000000 -432.000336 -4453.333496
v 778.666687 -432.000336 -4496.000000
v 800.000000 -432.000336 -4474.666504
v 800.000000 -416.000336 -4474.666504
v 778.666687 -416.000336 -4496.000000
v 800.000000 -416.000336 -4453.333496
vn -1.0000 -0.0000 -0.0000
vn -0.7071 -0.0000 0.7071
vn -0.7071 -0.0000 -0.7071
vn -0.0000 -0.0000 1.0000
vn -0.0000 -1.0000 -0.0000
vn -0.0000 1.0000 -0.0000
vn -0.0000 -0.0000 -1.0000
vn 0.7071 -0.0000 -0.7071
vn 0.7071 -0.0000 0.7071
vn 1.0000 -0.0000 -0.0000
vt 4.369792 -0.406250
vt 4.369792 -0.421875
vt 4.348958 -0.421875
vt 4.348958 -0.406250
vt 3.708333 -0.406250
vt 3.708333 -0.421875
vt 3.687500 -0.421875
vt 3.687500 -0.406250
vt 0.036458 -0.421875
vt 0.015625 -0.421875
vt 0.015625 -0.406250
vt 0.036458 -0.406250
vt 0.760417 -0.406250
vt 0.739583 -0.406250
vt 0.739583 -0.421875
vt 0.760417 -0.421875
vt 0.781250 4.348958
vt 0.760417 4.328125
vt 0.739583 4.328125
vt 0.718750 4.348958
vt 0.718750 4.369792
vt 0.739583 4.390625
vt 0.760417 4.390625
vt 0.781250 4.369792
vt 0.203125 -0.421875
vt 0.182292 -0.421875
vt 0.182292 -0.406250
vt 0.203125 -0.406250
vt 3.833333 -0.406250
vt 3.812500 -0.406250
vt 3.812500 -0.421875
vt 3.833333 -0.421875
s 1
usemtl Ice002_1K-JPG_Color
f 1235/2196/946 1236/2197/946 1237/2198/946 1238/2199/946
f 1238/2200/947 1237/2201/947 1239/2202/947 1240/2203/947
f 1241/2204/948 1236/2205/948 1235/2206/948 1242/2207/948
f 1243/2208/949 1240/2209/949 1239/2210/949 1244/2211/949
f 1245/2212/950 1244/2213/950 1239/2214/950 1237/2215/950 1236/2216/950 1241/2217/950 1246/2218/950 1247/2219/950
f 1248/2219/951 1249/2218/951 1242/2217/951 1235/2216/951 1238/2215/951 1240/2214/951 1243/2213/951 1250/2212/951
f 1246/2211/952 1241/2210/952 1242/2209/952 1249/2208/952
f 1247/2220/953 1246/2221/953 1249/2222/953 1248/2223/953
f 1250/2224/954 1243/2225/954 1244/2226/954 1245/2227/954
f 1247/2197/955 1248/2196/955 1250/2199/955 1245/2198/955
o entity4_brush58
v -1344.000000 544.000061 1023.999939
v -1344.000000 672.000061 1023.999939
v -1344.000000 671.999756 -3392.000000
v -1344.000000 543.999756 -3392.000000
v -1216.000000 672.000061 1023.999939
v -1216.000000 671.999756 -3392.000000
vn -1.0000 -0.0000 -0.0000
vn -0.0000 -0.0000 1.0000
vn -0.0000 1.0000 -0.0000
vn -0.0000 -0.0000 -1.0000
vn 0.7071 -0.7071 -0.0000
vt -1.000000 0.531250
vt -1.000000 0.656250
vt 3.312500 0.656250
vt 3.312500 0.531250
vt -1.187500 0.656250
vt -1.312500 0.656250
vt -1.312500 0.531250
vt -1.187500 3.312500
vt -1.312500 3.312500
vt -1.312500 -1.000000
vt -1.187500 -1.000000
s 1
usemtl Tiles107_1K-JPG_Color_Gray
f 1251/2228/956 1252/2229/956 1253/2230/956 1254/2231/956
f 1255/2232/957 1252/2233/957 1251/2234/957
f 1256/2235/958 1253/2236/958 1252/2237/958 1255/2238/958
f 1254/2234/959 1253/2233/959 1256/2232/959
f 1256/2235/960 1255/2238/960 1251/2237/960 1254/2236/960
o entity4_brush59
v -1344.000000 -96.000229 -3072.000000
v -1344.000000 -96.000198 -2624.000000
v -1344.000000 -64.000198 -2624.000000
v -1344.000000 -64.000229 -3072.000000
v -256.000000 -64.000198 -2624.000000
v -256.000000 -96.000198 -2624.000000
v -256.000000 -96.000229 -3072.000000
v -256.000000 -64.000229 -3072.000000
vn -1.0000 -0.0000 -0.0000
vn -0.0000 -0.0000 1.0000
vn -0.0000 -1.0000 -0.0000
vn -0.0000 1.0000 -0.0000
vn -0.0000 -0.0000 -1.0000
vn 1.0000 -0.0000 -0.0000
vt 3.000000 -1.500000
vt 2.562500 -1.500000
vt 2.562500 -1.062500
vt 3.000000 -1.062500
vt -0.228261 -1.062500
vt -0.551630 -1.062500
vt -0.551630 -1.500000
vt -0.228261 -1.500000
vt -0.228261 2.562500
vt -0.551630 2.562500
vt -0.551630 3.000000
vt -0.228261 3.000000
s 1
usemtl Tiles108_1K-JPG_Color
f 1257/2239/961 1258/2240/961 1259/2241/961 1260/2242/961
f 1261/2243/962 1259/2244/962 1258/2245/962 1262/2246/962
f 1262/2247/963 1258/2248/963 1257/2249/963 1263/2250/963
f 1264/2250/964 1260/2249/964 1259/2248/964 1261/2247/964
f 1263/2246/965 1257/2245/965 1260/2244/965 1264/2243/965
f 1264/2242/966 1261/2241/966 1262/2240/966 1263/2239/966
o entity4_brush6
v 256.000000 -736.000061 -1023.999939
v 256.000000 -800.000061 -1023.999939
v 256.000000 -800.000061 -575.999939
v 256.000000 -736.000061 -575.999939
v 384.000000 -800.000061 -575.999939
v 384.000000 -800.000061 -1023.999939
vn -1.0000 -0.0000 -0.0000
vn -0.0000 -0.0000 1.0000
vn -0.0000 -1.0000 -0.0000
vn -0.0000 -0.0000 -1.0000
vn 0.4472 0.8944 -0.0000
vt 0.875000 -0.487500
vt 0.875000 -0.512500
vt 0.437500 -0.512500
vt 0.437500 -0.487500
vt 0.250000 -0.487500
vt 0.250000 -0.512500
vt 0.375000 -0.512500
vt 0.375000 0.437500
vt 0.250000 0.437500
vt 0.250000 0.875000
vt 0.375000 0.875000
s 1
usemtl Tiles108_1K-JPG_Color
f 1265/2251/967 1266/2252/967 1267/2253/967 1268/2254/967
f 1268/2255/968 1267/2256/968 1269/2257/968
f 1269/2258/969 1267/2259/969 1266/2260/969 1270/2261/969
f 1270/2257/970 1266/2256/970 1265/2255/970
f 1265/2260/971 1268/2259/971 1269/2258/971 1270/2261/971
o entity4_brush60
v 224.000000 544.000061 1023.999939
v 96.000000 672.000061 1023.999939
v 96.000000 671.999756 -3392.000000
v 224.000000 543.999756 -3392.000000
v 224.000000 672.000061 1023.999939
v 224.000000 671.999756 -3392.000000
vn -0.7071 -0.7071 -0.0000
vn -0.0000 -0.0000 1.0000
vn -0.0000 1.0000 -0.0000
vn -0.0000 -0.0000 -1.0000
vn 1.0000 -0.0000 -0.0000
vt 0.218750 -1.000000
vt 0.093750 -1.000000
vt 0.093750 3.312500
vt 0.218750 3.312500
vt 0.218750 0.656250
vt 0.093750 0.656250
vt 0.218750 0.531250
vt 3.312500 0.656250
vt -1.000000 0.656250
vt -1.000000 0.531250
vt 3.312500 0.531250
s 1
usemtl Tiles107_1K-JPG_Color_Gray
f 1271/2262/972 1272/2263/972 1273/2264/972 1274/2265/972
f 1275/2266/973 1272/2267/973 1271/2268/973
f 1276/2265/974 1273/2264/974 1272/2263/974 1275/2262/974
f 1274/2268/975 1273/2267/975 1276/2266/975
f 1276/2269/976 1275/2270/976 1271/2271/976 1274/2272/976
o entity4_brush61
v -224.000000 544.000061 1023.999939
v -224.000000 672.000061 1023.999939
v -224.000000 671.999756 -3392.000000
v -224.000000 543.999756 -3392.000000
v -96.000000 672.000061 1023.999939
v -96.000000 671.999756 -3392.000000
vn -1.0000 -0.0000 -0.0000
vn -0.0000 -0.0000 1.0000
vn -0.0000 1.0000 -0.0000
vn -0.0000 -0.0000 -1.0000
vn 0.7071 -0.7071 -0.0000
vt -1.000000 0.531250
vt -1.000000 0.656250
vt 3.312500 0.656250
vt 3.312500 0.531250
vt -0.093750 0.656250
vt -0.218750 0.656250
vt -0.218750 0.531250
vt -0.093750 3.312500
vt -0.218750 3.312500
vt -0.218750 -1.000000
vt -0.093750 -1.000000
s 1
usemtl Tiles107_1K-JPG_Color_Gray
f 1277/2273/977 1278/2274/977 1279/2275/977 1280/2276/977
f 1281/2277/978 1278/2278/978 1277/2279/978
f 1282/2280/979 1279/2281/979 1278/2282/979 1281/2283/979
f 1280/2279/980 1279/2278/980 1282/2277/980
f 1282/2280/981 1281/2283/981 1277/2282/981 1280/2281/981
o entity4_brush62
v -1344.000000 -160.000198 -2560.000000
v -1344.000000 -160.000153 -2112.000000
v -1344.000000 -128.000153 -2112.000000
v -1344.000000 -128.000198 -2560.000000
v -256.000000 -128.000153 -2112.000000
v -256.000000 -160.000153 -2112.000000
v -256.000000 -160.000198 -2560.000000
v -256.000000 -128.000198 -2560.000000
vn -1.0000 -0.0000 -0.0000
vn -0.0000 -0.0000 1.0000
vn -0.0000 -1.0000 -0.0000
vn -0.0000 1.0000 -0.0000
vn -0.0000 -0.0000 -1.0000
vn 1.0000 -0.0000 -0.0000
vt 2.500000 -2.375000
vt 2.062500 -2.375000
vt 2.062500 -1.937500
vt 2.500000 -1.937500
vt -0.228261 -1.937500
vt -0.551630 -1.937500
vt -0.551630 -2.375000
vt -0.228261 -2.375000
vt -0.228261 2.062500
vt -0.551630 2.062500
vt -0.551630 2.500000
vt -0.228261 2.500000
s 1
usemtl Tiles108_1K-JPG_Color
f 1283/2284/982 1284/2285/982 1285/2286/982 1286/2287/982
f 1287/2288/983 1285/2289/983 1284/2290/983 1288/2291/983
f 1288/2292/984 1284/2293/984 1283/2294/984 1289/2295/984
f 1290/2295/985 1286/2294/985 1285/2293/985 1287/2292/985
f 1289/2291/986 1283/2290/986 1286/2289/986 1290/2288/986
f 1290/2287/987 1287/2286/987 1288/2285/987 1289/2284/987
o entity4_brush63
v -1344.000000 -160.000153 -2112.000000
v -1344.000000 -160.000153 -2080.000000
v -1344.000000 -96.000160 -2080.000000
v -1344.000000 -96.000160 -2112.000000
v -256.000000 -96.000160 -2080.000000
v -256.000000 -160.000153 -2080.000000
v -256.000000 -160.000153 -2112.000000
v -256.000000 -96.000160 -2112.000000
vn -1.0000 -0.0000 -0.0000
vn -0.0000 -0.0000 1.0000
vn -0.0000 -1.0000 -0.0000
vn -0.0000 1.0000 -0.0000
vn -0.0000 -0.0000 -1.0000
vn 1.0000 -0.0000 -0.0000
vt 2.062500 -2.375000
vt 2.031250 -2.375000
vt 2.031250 -1.500000
vt 2.062500 -1.500000
vt -0.228261 -1.500000
vt -0.551630 -1.500000
vt -0.551630 -2.375000
vt -0.228261 -2.375000
vt -0.228261 2.031250
vt -0.551630 2.031250
vt -0.551630 2.062500
vt -0.228261 2.062500
s 1
usemtl Tiles108_1K-JPG_Color
f 1291/2296/988 1292/2297/988 1293/2298/988 1294/2299/988
f 1295/2300/989 1293/2301/989 1292/2302/989 1296/2303/989
f 1296/2304/990 1292/2305/990 1291/2306/990 1297/2307/990
f 1298/2307/991 1294/2306/991 1293/2305/991 1295/2304/991
f 1297/2303/992 1291/2302/992 1294/2301/992 1298/2300/992
f 1298/2299/993 1295/2298/993 1296/2297/993 1297/2296/993
o entity4_brush64
v -1344.000000 -160.000198 -2624.000000
v -1344.000000 -160.000198 -2560.000000
v -1344.000000 -128.000198 -2560.000000
v -1344.000000 -64.000198 -2624.000000
v -256.000000 -128.000198 -2560.000000
v -256.000000 -160.000198 -2560.000000
v -256.000000 -64.000198 -2624.000000
v -256.000000 -160.000198 -2624.000000
vn -1.0000 -0.0000 -0.0000
vn -0.0000 -0.0000 1.0000
vn -0.0000 0.7071 0.7071
vn -0.0000 -1.0000 -0.0000
vn -0.0000 -0.0000 -1.0000
vn 1.0000 -0.0000 -0.0000
vt 2.562500 -2.375000
vt 2.500000 -2.375000
vt 2.500000 -1.937500
vt 2.562500 -1.062500
vt -0.228261 -1.937500
vt -0.551630 -1.937500
vt -0.551630 -2.375000
vt -0.228261 -2.375000
vt -0.228261 2.562500
vt -0.551630 2.562500
vt -0.551630 2.500000
vt -0.228261 2.500000
vt -0.551630 -1.062500
vt -0.228261 -1.062500
s 1
usemtl Tiles108_1K-JPG_Color
f 1299/2308/994 1300/2309/994 1301/2310/994 1302/2311/994
f 1303/2312/995 1301/2313/995 1300/2314/995 1304/2315/995
f 1305/2316/996 1302/2317/996 1301/2318/996 1303/2319/996
f 1304/2319/997 1300/2318/997 1299/2317/997 1306/2316/997
f 1306/2315/998 1299/2314/998 1302/2320/998 1305/2321/998
f 1303/2310/999 1304/2309/999 1306/2308/999 1305/2311/999
o entity4_brush65
v -576.000000 -96.000160 -2112.000000
v -576.000000 -95.999924 1024.000000
v -576.000000 -63.999924 1024.000000
v -576.000000 -64.000160 -2112.000000
v -256.000000 -63.999924 1024.000000
v -256.000000 -95.999924 1024.000000
v -256.000000 -96.000160 -2112.000000
v -256.000000 -64.000160 -2112.000000
vn -1.0000 -0.0000 -0.0000
vn -0.0000 -0.0000 1.0000
vn -0.0000 -1.0000 -0.0000
vn -0.0000 1.0000 -0.0000
vn -0.0000 -0.0000 -1.0000
vn 1.0000 -0.0000 -0.0000
vt 66.000000 -3.000000
vt -32.000000 -3.000000
vt -32.000000 -2.000000
vt 66.000000 -2.000000
vt -0.228261 -1.062500
vt -0.323369 -1.062500
vt -0.323369 -1.500000
vt -0.228261 -1.500000
vt -8.000000 -32.000000
vt -18.000000 -32.000000
vt -18.000000 66.000000
vt -8.000000 66.000000
vt 2.062500 -1.062500
vt -1.000000 -1.062500
vt -1.000000 -1.500000
vt 2.062500 -1.500000
s 1
usemtl __TB_empty
f 1307/2322/1000 1308/2323/1000 1309/2324/1000 1310/2325/1000
f 1312/2330/1002 1308/2331/1002 1307/2332/1002 1313/2333/1002
f 1314/2333/1003 1310/2332/1003 1309/2331/1003 1311/2330/1003
usemtl Tiles108_1K-JPG_Color
f 1311/2326/1001 1309/2327/1001 1308/2328/1001 1312/2329/1001
f 1313/2329/1004 1307/2328/1004 1310/2327/1004 1314/2326/1004
f 1314/2334/1005 1311/2335/1005 1312/2336/1005 1313/2337/1005
o entity4_brush66
v -1344.000000 -176.000153 -2112.000000
v -1344.000000 -175.999924 1024.000000
v -1344.000000 -63.999924 1024.000000
v -1344.000000 -64.000160 -2112.000000
v -1024.000000 -63.999924 1024.000000
v -1024.000000 -175.999924 1024.000000
v -1024.000000 -176.000153 -2112.000000
v -1024.000000 -64.000160 -2112.000000
vn -1.0000 -0.0000 -0.0000
vn -0.0000 -0.0000 1.0000
vn -0.0000 -1.0000 -0.0000
vn -0.0000 1.0000 -0.0000
vn -0.0000 -0.0000 -1.0000
vn 1.0000 -0.0000 -0.0000
vt 2.062500 -2.593750
vt -1.000000 -2.593750
vt -1.000000 -1.062500
vt 2.062500 -1.062500
vt -0.456521 -1.062500
vt -0.551630 -1.062500
vt -0.551630 -2.593750
vt -0.456521 -2.593750
vt -32.000000 -32.000000
vt -42.000000 -32.000000
vt -42.000000 66.000000
vt -32.000000 66.000000
vt 66.000000 -2.000000
vt -32.000000 -2.000000
vt -32.000000 -5.500000
vt 66.000000 -5.500000
s 1
usemtl Tiles108_1K-JPG_Color
f 1315/2338/1006 1316/2339/1006 1317/2340/1006 1318/2341/1006
f 1319/2342/1007 1317/2343/1007 1316/2344/1007 1320/2345/1007
f 1321/2345/1010 1315/2344/1010 1318/2343/1010 1322/2342/1010
usemtl __TB_empty
f 1320/2346/1008 1316/2347/1008 1315/2348/1008 1321/2349/1008
f 1322/2349/1009 1318/2348/1009 1317/2347/1009 1319/2346/1009
f 1322/2350/1011 1319/2351/1011 1320/2352/1011 1321/2353/1011
o entity4_brush67
v -1024.000000 -176.000153 -2112.000000
v -1024.000000 -175.999969 384.000000
v -1024.000000 -63.999969 384.000000
v -1024.000000 -64.000160 -2112.000000
v -576.000000 -63.999969 384.000000
v -576.000000 -175.999969 384.000000
v -576.000000 -176.000153 -2112.000000
v -576.000000 -64.000160 -2112.000000
vn -1.0000 -0.0000 -0.0000
vn -0.0000 -0.0000 1.0000
vn -0.0000 -1.0000 -0.0000
vn -0.0000 1.0000 -0.0000
vn -0.0000 -0.0000 -1.0000
vn 1.0000 -0.0000 -0.0000
vt 66.000000 -5.500000
vt -12.000000 -5.500000
vt -12.000000 -2.000000
vt 66.000000 -2.000000
vt -18.000000 -2.000000
vt -32.000000 -2.000000
vt -32.000000 -5.500000
vt -18.000000 -5.500000
vt -18.000000 -12.000000
vt -32.000000 -12.000000
vt -32.000000 66.000000
vt -18.000000 66.000000
vt -0.323369 -2.593750
vt -0.456521 -2.593750
vt -0.456521 -1.062500
vt -0.323369 -1.062500
s 1
usemtl __TB_empty
f 1323/2354/1012 1324/2355/1012 1325/2356/1012 1326/2357/1012
f 1327/2358/1013 1325/2359/1013 1324/2360/1013 1328/2361/1013
f 1328/2362/1014 1324/2363/1014 1323/2364/1014 1329/2365/1014
f 1330/2365/1015 1326/2364/1015 1325/2363/1015 1327/2362/1015
f 1330/2357/1017 1327/2356/1017 1328/2355/1017 1329/2354/1017
usemtl Tiles108_1K-JPG_Color
f 1329/2366/1016 1323/2367/1016 1326/2368/1016 1330/2369/1016
o entity4_brush68
v -1024.000000 -95.999939 832.000000
v -1024.000000 -95.999924 1024.000000
v -1024.000000 -63.999924 1024.000000
v -1024.000000 -63.999939 832.000000
v -576.000000 -63.999924 1024.000000
v -576.000000 -95.999924 1024.000000
v -576.000000 -95.999939 832.000000
v -576.000000 -63.999939 832.000000
vn -1.0000 -0.0000 -0.0000
vn -0.0000 -0.0000 1.0000
vn -0.0000 -1.0000 -0.0000
vn -0.0000 1.0000 -0.0000
vn -0.0000 -0.0000 -1.0000
vn 1.0000 -0.0000 -0.0000
vt -26.000000 -3.000000
vt -32.000000 -3.000000
vt -32.000000 -2.000000
vt -26.000000 -2.000000
vt -0.323369 -1.062500
vt -0.456521 -1.062500
vt -0.456521 -1.500000
vt -0.323369 -1.500000
vt -18.000000 -32.000000
vt -32.000000 -32.000000
vt -32.000000 -26.000000
vt -18.000000 -26.000000
vt -18.000000 -3.000000
vt -18.000000 -2.000000
s 1
usemtl __TB_empty
f 1331/2370/1018 1332/2371/1018 1333/2372/1018 1334/2373/1018
f 1336/2378/1020 1332/2379/1020 1331/2380/1020 1337/2381/1020
f 1338/2381/1021 1334/2380/1021 1333/2379/1021 1335/2378/1021
f 1337/2382/1022 1331/2371/1022 1334/2372/1022 1338/2383/1022
f 1338/2373/1023 1335/2372/1023 1336/2371/1023 1337/2370/1023
usemtl Tiles108_1K-JPG_Color
f 1335/2374/1019 1333/2375/1019 1332/2376/1019 1336/2377/1019
o entity4_black69
v 832.000000 -656.000061 -687.999939
v 704.000000 -528.000061 -687.999939
v 1104.000000 -528.000183 -2432.000000
v 1232.000000 -656.000183 -2432.000000
v 832.000000 -528.000061 -687.999939
v 1232.000000 -528.000183 -2432.000000
vn -0.6980 -0.6980 -0.1601
vn -0.0000 -0.0000 1.0000
vn -0.0000 1.0000 -0.0000
vn -0.0000 -0.0000 -1.0000
vn 0.9747 -0.0000 0.2236
vt 0.812500 0.671875
vt 0.687500 0.671875
vt 1.078125 2.375000
vt 1.203125 2.375000
vt 0.812500 -0.515625
vt 0.687500 -0.515625
vt 0.812500 -0.640625
vt 1.203125 -0.640625
vt 1.078125 -0.515625
vt 1.203125 -0.515625
vt 2.375000 -0.515625
vt 0.671875 -0.515625
vt 0.671875 -0.640625
vt 2.375000 -0.640625
s 1
usemtl Tiles107_1K-JPG_Color_Gray
f 1339/2384/1024 1340/2385/1024 1341/2386/1024 1342/2387/1024
f 1343/2388/1025 1340/2389/1025 1339/2390/1025
f 1344/2387/1026 1341/2386/1026 1340/2385/1026 1343/2384/1026
f 1342/2391/1027 1341/2392/1027 1344/2393/1027
f 1344/2394/1028 1343/2395/1028 1339/2396/1028 1342/2397/1028
o entity4_brush7
v 256.000000 -352.000183 -2368.000000
v 256.000000 -416.000183 -2368.000000
v 256.000000 -608.000122 -1920.000000
v 256.000000 -544.000122 -1920.000000
v 384.000000 -608.000122 -1920.000000
v 384.000000 -416.000183 -2368.000000
vn -1.0000 -0.0000 -0.0000
vn -0.0000 -0.0000 1.0000
vn -0.0000 -0.9191 -0.3939
vn -0.0000 -0.0000 -1.0000
vn 0.4176 0.8352 0.3579
vt 1.875000 -0.412500
vt 1.875000 -0.437500
vt 1.437500 -0.512500
vt 1.437500 -0.487500
vt 0.250000 -0.487500
vt 0.250000 -0.512500
vt 0.375000 -0.512500
vt 0.375000 1.437500
vt 0.250000 1.437500
vt 0.250000 1.875000
vt 0.375000 1.875000
vt 0.375000 -0.437500
vt 0.250000 -0.437500
vt 0.250000 -0.412500
s 1
usemtl Tiles108_1K-JPG_Color
f 1345/2398/1029 1346/2399/1029 1347/2400/1029 1348/2401/1029
f 1348/2402/1030 1347/2403/1030 1349/2404/1030
f 1349/2405/1031 1347/2406/1031 1346/2407/1031 1350/2408/1031
f 1350/2409/1032 1346/2410/1032 1345/2411/1032
f 1345/2407/1033 1348/2406/1033 1349/2405/1033 1350/2408/1033
o entity4_black70
v 704.000000 -656.000061 -687.999939
v 704.000000 -528.000061 -687.999939
v 304.000000 -528.000183 -2432.000000
v 304.000000 -656.000183 -2432.000000
v 832.000000 -528.000061 -687.999939
v 432.000000 -528.000183 -2432.000000
vn -0.9747 -0.0000 0.2236
vn -0.0000 -0.0000 1.0000
vn -0.0000 1.0000 -0.0000
vn -0.0000 -0.0000 -1.0000
vn 0.6980 -0.6980 -0.1601
vt 0.671875 -0.640625
vt 0.671875 -0.515625
vt 2.375000 -0.515625
vt 2.375000 -0.640625
vt 0.812500 -0.515625
vt 0.687500 -0.515625
vt 0.687500 -0.640625
vt 0.421875 2.375000
vt 0.296875 2.375000
vt 0.687500 0.671875
vt 0.812500 0.671875
vt 0.296875 -0.640625
vt 0.296875 -0.515625
vt 0.421875 -0.515625
s 1
usemtl Tiles107_1K-JPG_Color_Gray
f 1351/2412/1034 1352/2413/1034 1353/2414/1034 1354/2415/1034
f 1355/2416/1035 1352/2417/1035 1351/2418/1035
f 1356/2419/1036 1353/2420/1036 1352/2421/1036 1355/2422/1036
f 1354/2423/1037 1353/2424/1037 1356/2425/1037
f 1356/2419/1038 1355/2422/1038 1351/2421/1038 1354/2420/1038
o entity4_brush71
v -576.000000 -176.000153 -2112.000000
v -576.000000 -175.999924 1024.000000
v -576.000000 -63.999924 1024.000000
v -576.000000 -64.000160 -2112.000000
v -256.000000 -63.999924 1024.000000
v -256.000000 -175.999924 1024.000000
v -256.000000 -176.000153 -2112.000000
v -256.000000 -64.000160 -2112.000000
vn -1.0000 -0.0000 -0.0000
vn -0.0000 -0.0000 1.0000
vn -0.0000 -1.0000 -0.0000
vn -0.0000 1.0000 -0.0000
vn -0.0000 -0.0000 -1.0000
vn 1.0000 -0.0000 -0.0000
vt 66.000000 -5.500000
vt -32.000000 -5.500000
vt -32.000000 -2.000000
vt 66.000000 -2.000000
vt -0.228261 -1.062500
vt -0.323369 -1.062500
vt -0.323369 -2.593750
vt -0.228261 -2.593750
vt -8.000000 -32.000000
vt -18.000000 -32.000000
vt -18.000000 66.000000
vt -8.000000 66.000000
vt 2.062500 -1.062500
vt -1.000000 -1.062500
vt -1.000000 -2.593750
vt 2.062500 -2.593750
s 1
usemtl __TB_empty
f 1357/2426/1039 1358/2427/1039 1359/2428/1039 1360/2429/1039
f 1362/2434/1041 1358/2435/1041 1357/2436/1041 1363/2437/1041
f 1364/2437/1042 1360/2436/1042 1359/2435/1042 1361/2434/1042
usemtl Tiles108_1K-JPG_Color
f 1361/2430/1040 1359/2431/1040 1358/2432/1040 1362/2433/1040
f 1363/2433/1043 1357/2432/1043 1360/2431/1043 1364/2430/1043
f 1364/2438/1044 1361/2439/1044 1362/2440/1044 1363/2441/1044
o entity4_brush72
v -1024.000000 -175.999939 832.000000
v -1024.000000 -175.999924 1024.000000
v -1024.000000 -63.999924 1024.000000
v -1024.000000 -63.999939 832.000000
v -576.000000 -63.999924 1024.000000
v -576.000000 -175.999924 1024.000000
v -576.000000 -175.999939 832.000000
v -576.000000 -63.999939 832.000000
vn -1.0000 -0.0000 -0.0000
vn -0.0000 -0.0000 1.0000
vn -0.0000 -1.0000 -0.0000
vn -0.0000 1.0000 -0.0000
vn -0.0000 -0.0000 -1.0000
vn 1.0000 -0.0000 -0.0000
vt -26.000000 -5.500000
vt -32.000000 -5.500000
vt -32.000000 -2.000000
vt -26.000000 -2.000000
vt -0.323369 -1.062500
vt -0.456521 -1.062500
vt -0.456521 -2.593750
vt -0.323369 -2.593750
vt -18.000000 -32.000000
vt -32.000000 -32.000000
vt -32.000000 -26.000000
vt -18.000000 -26.000000
vt -18.000000 -5.500000
vt -18.000000 -2.000000
s 1
usemtl __TB_empty
f 1365/2442/1045 1366/2443/1045 1367/2444/1045 1368/2445/1045
f 1370/2450/1047 1366/2451/1047 1365/2452/1047 1371/2453/1047
f 1372/2453/1048 1368/2452/1048 1367/2451/1048 1369/2450/1048
f 1371/2454/1049 1365/2443/1049 1368/2444/1049 1372/2455/1049
f 1372/2445/1050 1369/2444/1050 1370/2443/1050 1371/2442/1050
usemtl Tiles108_1K-JPG_Color
f 1369/2446/1046 1367/2447/1046 1366/2448/1046 1370/2449/1046
o entity4_brush8
v 256.000000 -96.000214 -2816.000000
v 256.000000 -160.000214 -2816.000000
v 256.000000 -416.000183 -2368.000000
v 256.000000 -352.000183 -2368.000000
v 384.000000 -416.000183 -2368.000000
v 384.000000 -160.000214 -2816.000000
vn -1.0000 -0.0000 -0.0000
vn -0.0000 -0.0000 1.0000
vn -0.0000 -0.8682 -0.4961
vn -0.0000 -0.0000 -1.0000
vn 0.3982 0.7964 0.4551
vt 1.875000 -0.387500
vt 1.875000 -0.412500
vt 1.437500 -0.512500
vt 1.437500 -0.487500
vt 0.250000 -0.487500
vt 0.250000 -0.512500
vt 0.375000 -0.512500
vt 0.375000 1.437500
vt 0.250000 1.437500
vt 0.250000 1.875000
vt 0.375000 1.875000
vt 0.375000 -0.412500
vt 0.250000 -0.412500
vt 0.250000 -0.387500
s 1
usemtl Tiles108_1K-JPG_Color
f 1373/2456/1051 1374/2457/1051 1375/2458/1051 1376/2459/1051
f 1376/2460/1052 1375/2461/1052 1377/2462/1052
f 1377/2463/1053 1375/2464/1053 1374/2465/1053 1378/2466/1053
f 1378/2467/1054 1374/2468/1054 1373/2469/1054
f 1373/2465/1055 1376/2464/1055 1377/2463/1055 1378/2466/1055
o entity4_brush9
v 256.000000 -800.000244 -3072.000000
v 256.000000 -800.000183 -2336.000000
v 256.000000 -64.000229 -3072.000000
v 352.000000 -64.000229 -3072.000000
v 352.000000 -800.000183 -2336.000000
v 352.000000 -800.000244 -3072.000000
vn -1.0000 -0.0000 -0.0000
vn -0.0000 0.7071 0.7071
vn -0.0000 -1.0000 -0.0000
vn -0.0000 -0.0000 -1.0000
vn 1.0000 -0.0000 -0.0000
vt 0.204167 -0.059375
vt 0.108333 -0.059375
vt 0.204167 0.012500
vt 0.906250 0.164583
vt 0.718750 0.164583
vt 0.718750 0.116667
vt 0.906250 0.116667
vt 0.906250 0.108333
vt 0.718750 0.108333
vt 0.718750 0.204167
vt 0.906250 0.204167
vt 0.906250 -0.059375
vt 0.718750 -0.059375
vt 0.718750 0.012500
vt 0.906250 0.012500
s 1
usemtl Tiles107_1K-JPG_Color_Gray
f 1379/2470/1056 1380/2471/1056 1381/2472/1056
f 1382/2473/1057 1381/2474/1057 1380/2475/1057 1383/2476/1057
f 1383/2477/1058 1380/2478/1058 1379/2479/1058 1384/2480/1058
f 1384/2481/1059 1379/2482/1059 1381/2483/1059 1382/2484/1059
f 1383/2471/1060 1384/2470/1060 1382/2472/1060
